Date,Treatment,Species,pH,Temperature
6/10/2010,Control,RKC,8.031,8.8
6/10/2010,Control,RKC,8.008,8.6
6/10/2010,Control,RKC,8.007,8.6
6/10/2010,Control,RKC,8.004,8.6
6/10/2010,Control,RKC,8.012,8.5
6/11/2010,Control,RKC,8.016,8.7
6/11/2010,Control,RKC,8.015,8.9
6/11/2010,Control,RKC,8.013,8.9
6/11/2010,Control,RKC,8.020,8.5
6/11/2010,Control,RKC,8.022,8.4
6/12/2010,Control,RKC,8.083,9.1
6/12/2010,Control,RKC,8.083,9.1
6/12/2010,Control,RKC,8.088,9.0
6/12/2010,Control,RKC,8.086,9.0
6/12/2010,Control,RKC,8.087,9.0
6/13/2010,Control,RKC,8.059,9.4
6/13/2010,Control,RKC,8.057,9.4
6/13/2010,Control,RKC,8.057,9.5
6/13/2010,Control,RKC,8.055,9.7
6/13/2010,Control,RKC,8.061,9.3
6/14/2010,Control,RKC,8.066,10.2
6/14/2010,Control,RKC,8.073,9.8
6/14/2010,Control,RKC,8.081,9.7
6/14/2010,Control,RKC,8.070,10.0
6/14/2010,Control,RKC,8.075,9.6
6/15/2010,Control,RKC,8.048,9.2
6/15/2010,Control,RKC,8.048,9.1
6/15/2010,Control,RKC,8.045,9.2
6/15/2010,Control,RKC,8.043,9.2
6/15/2010,Control,RKC,8.043,9.1
6/16/2010,Control,RKC,8.087,9.3
6/16/2010,Control,RKC,8.076,10.0
6/16/2010,Control,RKC,8.077,9.2
6/16/2010,Control,RKC,8.073,9.2
6/16/2010,Control,RKC,8.071,9.4
6/17/2010,Control,RKC,8.057,9.5
6/17/2010,Control,RKC,8.049,9.7
6/17/2010,Control,RKC,8.052,9.4
6/17/2010,Control,RKC,8.046,9.3
6/17/2010,Control,RKC,8.050,9.1
6/18/2010,Control,RKC,8.068,9.6
6/18/2010,Control,RKC,8.055,9.9
6/18/2010,Control,RKC,8.056,9.8
6/18/2010,Control,RKC,8.056,9.7
6/18/2010,Control,RKC,8.051,9.9
6/19/2010,Control,RKC,8.082,10.1
6/19/2010,Control,RKC,8.089,9.9
6/19/2010,Control,RKC,8.094,9.1
6/19/2010,Control,RKC,8.094,9.3
6/19/2010,Control,RKC,8.091,9.6
6/20/2010,Control,RKC,8.075,8.9
6/20/2010,Control,RKC,8.076,8.9
6/20/2010,Control,RKC,8.078,8.9
6/20/2010,Control,RKC,8.076,9.1
6/20/2010,Control,RKC,8.074,9.1
6/21/2010,Control,RKC,8.100,9.3
6/21/2010,Control,RKC,8.102,9.3
6/21/2010,Control,RKC,8.098,9.3
6/21/2010,Control,RKC,8.103,9.0
6/21/2010,Control,RKC,8.106,9.0
6/22/2010,Control,RKC,8.120,10.0
6/22/2010,Control,RKC,8.104,10.0
6/22/2010,Control,RKC,8.103,10.0
6/22/2010,Control,RKC,8.099,10.2
6/22/2010,Control,RKC,8.107,10.0
6/23/2010,Control,RKC,8.125,9.8
6/23/2010,Control,RKC,8.094,9.6
6/23/2010,Control,RKC,8.105,9.3
6/23/2010,Control,RKC,8.112,9.5
6/23/2010,Control,RKC,8.117,9.3
6/24/2010,Control,RKC,8.127,10.0
6/24/2010,Control,RKC,8.098,9.6
6/24/2010,Control,RKC,8.095,9.4
6/24/2010,Control,RKC,8.098,9.2
6/24/2010,Control,RKC,8.099,9.2
6/25/2010,Control,RKC,8.160,9.2
6/25/2010,Control,RKC,8.158,9.2
6/25/2010,Control,RKC,8.156,9.3
6/25/2010,Control,RKC,8.161,9.1
6/25/2010,Control,RKC,8.159,9.2
6/26/2010,Control,RKC,8.121,9.7
6/26/2010,Control,RKC,8.131,9.3
6/26/2010,Control,RKC,8.128,9.6
6/26/2010,Control,RKC,8.134,9.3
6/26/2010,Control,RKC,8.131,9.6
6/27/2010,Control,RKC,8.142,9.5
6/27/2010,Control,RKC,8.140,9.6
6/27/2010,Control,RKC,8.145,9.3
6/27/2010,Control,RKC,8.143,9.5
6/27/2010,Control,RKC,8.143,9.5
6/28/2010,Control,RKC,8.109,9.6
6/28/2010,Control,RKC,8.125,9.4
6/28/2010,Control,RKC,8.129,9.2
6/28/2010,Control,RKC,8.131,9.1
6/28/2010,Control,RKC,8.117,10.0
6/29/2010,Control,RKC,8.137,9.8
6/29/2010,Control,RKC,8.120,9.5
6/29/2010,Control,RKC,8.122,9.7
6/29/2010,Control,RKC,8.123,9.3
6/29/2010,Control,RKC,8.124,9.4
6/30/2010,Control,RKC,8.110,9.8
6/30/2010,Control,RKC,8.102,9.8
6/30/2010,Control,RKC,8.108,9.5
6/30/2010,Control,RKC,8.109,9.4
6/30/2010,Control,RKC,8.111,9.3
7/1/2010,Control,RKC,8.112,9.5
7/1/2010,Control,RKC,8.107,9.3
7/1/2010,Control,RKC,8.107,9.3
7/1/2010,Control,RKC,8.104,9.8
7/1/2010,Control,RKC,8.109,9.3
7/2/2010,Control,RKC,8.058,9.4
7/2/2010,Control,RKC,8.061,9.3
7/2/2010,Control,RKC,8.064,9.4
7/2/2010,Control,RKC,8.062,9.5
7/2/2010,Control,RKC,8.064,9.2
7/3/2010,Control,RKC,8.075,9.0
7/3/2010,Control,RKC,8.072,9.5
7/3/2010,Control,RKC,8.075,9.0
7/3/2010,Control,RKC,8.073,9.3
7/3/2010,Control,RKC,8.074,9.1
7/4/2010,Control,RKC,8.086,9.3
7/4/2010,Control,RKC,8.089,9.1
7/4/2010,Control,RKC,8.089,9.3
7/4/2010,Control,RKC,8.090,9.0
7/4/2010,Control,RKC,8.093,8.9
7/5/2010,Control,RKC,8.071,9.1
7/5/2010,Control,RKC,8.070,9.2
7/5/2010,Control,RKC,8.071,9.2
7/5/2010,Control,RKC,8.072,9.1
7/5/2010,Control,RKC,8.072,9.0
7/6/2010,Control,RKC,8.060,9.3
7/6/2010,Control,RKC,8.061,9.4
7/6/2010,Control,RKC,8.061,9.4
7/6/2010,Control,RKC,8.063,9.6
7/6/2010,Control,RKC,8.066,9.3
7/7/2010,Control,RKC,8.043,9.4
7/7/2010,Control,RKC,8.042,9.5
7/7/2010,Control,RKC,8.043,9.4
7/7/2010,Control,RKC,8.044,9.4
7/7/2010,Control,RKC,8.046,9.2
7/8/2010,Control,RKC,7.989,9.5
7/8/2010,Control,RKC,7.982,9.6
7/8/2010,Control,RKC,7.987,9.3
7/8/2010,Control,RKC,7.986,9.4
7/8/2010,Control,RKC,7.986,9.4
7/9/2010,Control,RKC,8.020,9.7
7/9/2010,Control,RKC,8.035,9.3
7/9/2010,Control,RKC,8.040,9.4
7/9/2010,Control,RKC,8.035,9.6
7/9/2010,Control,RKC,8.043,9.3
7/10/2010,Control,RKC,8.093,9.3
7/10/2010,Control,RKC,8.088,9.3
7/10/2010,Control,RKC,8.093,9.2
7/10/2010,Control,RKC,8.093,9.3
7/10/2010,Control,RKC,8.095,9.2
7/11/2010,Control,RKC,8.068,9.5
7/11/2010,Control,RKC,8.064,9.7
7/11/2010,Control,RKC,8.066,9.5
7/11/2010,Control,RKC,8.069,9.4
7/11/2010,Control,RKC,8.067,9.4
7/12/2010,Control,RKC,8.077,10.0
7/12/2010,Control,RKC,8.077,10.0
7/12/2010,Control,RKC,8.077,9.7
7/12/2010,Control,RKC,8.077,9.7
7/12/2010,Control,RKC,8.080,10.0
7/13/2010,Control,RKC,8.087,10.2
7/13/2010,Control,RKC,8.089,10.1
7/13/2010,Control,RKC,8.087,10.0
7/13/2010,Control,RKC,8.090,9.9
7/13/2010,Control,RKC,8.089,9.8
7/14/2010,Control,RKC,8.091,10.1
7/14/2010,Control,RKC,8.090,9.8
7/14/2010,Control,RKC,8.091,9.7
7/14/2010,Control,RKC,8.090,9.8
7/14/2010,Control,RKC,8.089,9.8
7/15/2010,Control,RKC,8.098,9.9
7/15/2010,Control,RKC,8.089,10.5
7/15/2010,Control,RKC,8.093,10.0
7/15/2010,Control,RKC,8.092,10.2
7/15/2010,Control,RKC,8.095,10.0
7/16/2010,Control,RKC,8.110,10.3
7/16/2010,Control,RKC,8.110,10.1
7/16/2010,Control,RKC,8.108,10.2
7/16/2010,Control,RKC,8.109,10.1
7/16/2010,Control,RKC,8.110,10.1
7/17/2010,Control,RKC,8.111,10.6
7/17/2010,Control,RKC,8.112,10.5
7/17/2010,Control,RKC,8.118,10.5
7/17/2010,Control,RKC,8.116,10.6
7/17/2010,Control,RKC,8.120,10.3
7/18/2010,Control,RKC,8.116,10.2
7/18/2010,Control,RKC,8.114,10.2
7/18/2010,Control,RKC,8.117,10.2
7/18/2010,Control,RKC,8.116,10.1
7/18/2010,Control,RKC,8.119,10.0
7/19/2010,Control,RKC,8.086,10.9
7/19/2010,Control,RKC,8.087,10.4
7/19/2010,Control,RKC,8.086,10.5
7/19/2010,Control,RKC,8.086,10.6
7/19/2010,Control,RKC,8.088,10.2
7/20/2010,Control,RKC,8.080,10.7
7/20/2010,Control,RKC,8.077,10.6
7/20/2010,Control,RKC,8.075,10.9
7/20/2010,Control,RKC,8.077,10.8
7/20/2010,Control,RKC,8.082,10.3
7/21/2010,Control,RKC,8.080,10.5
7/21/2010,Control,RKC,8.072,10.5
7/21/2010,Control,RKC,8.072,10.7
7/21/2010,Control,RKC,8.073,10.5
7/21/2010,Control,RKC,8.068,10.6
7/22/2010,Control,RKC,8.091,10.6
7/22/2010,Control,RKC,8.093,10.5
7/22/2010,Control,RKC,8.091,10.5
7/22/2010,Control,RKC,8.091,10.4
7/22/2010,Control,RKC,8.095,10.3
7/23/2010,Control,RKC,8.113,10.7
7/23/2010,Control,RKC,8.112,10.4
7/23/2010,Control,RKC,8.111,10.5
7/23/2010,Control,RKC,8.110,10.6
7/23/2010,Control,RKC,8.108,10.6
7/24/2010,Control,RKC,8.113,11.3
7/24/2010,Control,RKC,8.120,10.9
7/24/2010,Control,RKC,8.119,11.1
7/24/2010,Control,RKC,8.041,12.2
7/24/2010,Control,RKC,8.117,10.9
7/25/2010,Control,RKC,8.120,10.5
7/25/2010,Control,RKC,8.116,10.7
7/25/2010,Control,RKC,8.116,10.5
7/25/2010,Control,RKC,8.122,10.4
7/25/2010,Control,RKC,8.121,10.5
7/26/2010,Control,RKC,8.085,10.9
7/26/2010,Control,RKC,8.088,10.6
7/26/2010,Control,RKC,8.088,10.6
7/26/2010,Control,RKC,8.091,10.4
7/26/2010,Control,RKC,8.092,10.4
7/27/2010,Control,RKC,8.101,10.8
7/27/2010,Control,RKC,8.104,10.8
7/27/2010,Control,RKC,8.105,10.6
7/27/2010,Control,RKC,8.106,10.5
7/27/2010,Control,RKC,8.107,10.5
7/28/2010,Control,RKC,8.111,11.2
7/28/2010,Control,RKC,8.114,10.6
7/28/2010,Control,RKC,8.111,10.4
7/28/2010,Control,RKC,8.107,10.5
7/28/2010,Control,RKC,8.106,10.7
7/29/2010,Control,RKC,8.069,10.6
7/29/2010,Control,RKC,8.067,10.6
7/29/2010,Control,RKC,8.069,10.6
7/29/2010,Control,RKC,8.069,10.7
7/29/2010,Control,RKC,8.068,10.8
7/30/2010,Control,RKC,8.078,10.5
7/30/2010,Control,RKC,8.077,10.6
7/30/2010,Control,RKC,8.076,10.6
7/30/2010,Control,RKC,8.077,10.7
7/30/2010,Control,RKC,8.076,10.8
7/31/2010,Control,RKC,8.059,10.5
7/31/2010,Control,RKC,8.057,10.7
7/31/2010,Control,RKC,8.057,10.6
7/31/2010,Control,RKC,8.054,10.8
7/31/2010,Control,RKC,8.055,10.5
8/1/2010,Control,RKC,8.070,10.3
8/1/2010,Control,RKC,8.073,10.4
8/1/2010,Control,RKC,8.068,10.3
8/1/2010,Control,RKC,8.067,10.6
8/1/2010,Control,RKC,8.067,10.5
8/2/2010,Control,RKC,8.049,10.7
8/2/2010,Control,RKC,8.050,10.6
8/2/2010,Control,RKC,8.048,10.6
8/2/2010,Control,RKC,8.054,10.4
8/2/2010,Control,RKC,8.052,10.5
8/3/2010,Control,RKC,8.067,10.4
8/3/2010,Control,RKC,8.062,10.8
8/3/2010,Control,RKC,8.060,10.8
8/3/2010,Control,RKC,8.058,10.8
8/3/2010,Control,RKC,8.065,10.2
8/4/2010,Control,RKC,8.036,10.7
8/4/2010,Control,RKC,8.040,10.8
8/4/2010,Control,RKC,8.043,10.5
8/4/2010,Control,RKC,8.043,10.7
8/4/2010,Control,RKC,8.039,11.1
8/5/2010,Control,RKC,7.987,10.5
8/5/2010,Control,RKC,7.986,10.6
8/5/2010,Control,RKC,7.986,10.7
8/5/2010,Control,RKC,7.987,10.6
8/5/2010,Control,RKC,7.989,10.4
8/6/2010,Control,RKC,8.050,10.5
8/6/2010,Control,RKC,8.049,10.5
8/6/2010,Control,RKC,8.050,10.7
8/6/2010,Control,RKC,8.050,10.7
8/6/2010,Control,RKC,8.048,10.9
8/7/2010,Control,RKC,8.042,10.7
8/7/2010,Control,RKC,8.043,11.0
8/7/2010,Control,RKC,8.042,10.8
8/7/2010,Control,RKC,8.039,10.7
8/7/2010,Control,RKC,8.041,10.7
8/8/2010,Control,RKC,8.049,10.7
8/8/2010,Control,RKC,8.046,10.9
8/8/2010,Control,RKC,8.049,10.7
8/8/2010,Control,RKC,8.045,10.8
8/8/2010,Control,RKC,8.052,10.6
8/9/2010,Control,RKC,8.034,10.9
8/9/2010,Control,RKC,8.035,10.7
8/9/2010,Control,RKC,8.037,10.8
8/9/2010,Control,RKC,8.039,10.6
8/9/2010,Control,RKC,8.038,10.8
8/10/2010,Control,RKC,8.049,10.9
8/10/2010,Control,RKC,8.052,11.0
8/10/2010,Control,RKC,8.047,10.9
8/10/2010,Control,RKC,8.051,10.9
8/10/2010,Control,RKC,8.052,10.9
8/11/2010,Control,RKC,8.064,11.0
8/11/2010,Control,RKC,8.062,11.2
8/11/2010,Control,RKC,8.066,10.9
8/11/2010,Control,RKC,8.066,11.0
8/11/2010,Control,RKC,8.064,11.2
8/12/2010,Control,RKC,8.060,11.2
8/12/2010,Control,RKC,8.056,11.3
8/12/2010,Control,RKC,8.053,11.2
8/12/2010,Control,RKC,8.055,11.1
8/12/2010,Control,RKC,8.052,11.4
8/13/2010,Control,RKC,8.018,11.0
8/13/2010,Control,RKC,8.017,11.1
8/13/2010,Control,RKC,8.018,10.9
8/13/2010,Control,RKC,8.017,10.9
8/13/2010,Control,RKC,8.018,10.9
8/14/2010,Control,RKC,8.062,11.4
8/14/2010,Control,RKC,8.065,11.5
8/14/2010,Control,RKC,8.062,11.3
8/14/2010,Control,RKC,8.065,11.4
8/14/2010,Control,RKC,8.063,11.2
8/15/2010,Control,RKC,8.002,10.9
8/15/2010,Control,RKC,8.005,10.9
8/15/2010,Control,RKC,8.010,10.8
8/15/2010,Control,RKC,8.011,10.9
8/15/2010,Control,RKC,8.057,10.7
8/16/2010,Control,RKC,8.004,10.8
8/16/2010,Control,RKC,8.004,10.7
8/16/2010,Control,RKC,8.002,10.8
8/16/2010,Control,RKC,8.005,10.7
8/16/2010,Control,RKC,8.005,10.7
8/17/2010,Control,RKC,7.954,10.7
8/17/2010,Control,RKC,7.954,10.7
8/17/2010,Control,RKC,7.955,10.6
8/17/2010,Control,RKC,7.956,10.6
8/17/2010,Control,RKC,7.956,10.7
8/18/2010,Control,RKC,7.994,10.6
8/18/2010,Control,RKC,7.994,10.5
8/18/2010,Control,RKC,7.995,10.5
8/18/2010,Control,RKC,7.996,10.5
8/18/2010,Control,RKC,7.995,10.6
8/19/2010,Control,RKC,8.011,10.6
8/19/2010,Control,RKC,8.011,10.5
8/19/2010,Control,RKC,8.012,10.5
8/19/2010,Control,RKC,8.010,10.6
8/19/2010,Control,RKC,8.013,10.5
8/20/2010,Control,RKC,8.010,10.8
8/20/2010,Control,RKC,8.010,10.7
8/20/2010,Control,RKC,8.014,10.6
8/20/2010,Control,RKC,8.019,10.6
8/20/2010,Control,RKC,8.016,10.6
8/21/2010,Control,RKC,8.005,11.1
8/21/2010,Control,RKC,8.008,11.0
8/21/2010,Control,RKC,8.008,11.0
8/21/2010,Control,RKC,8.009,11.0
8/21/2010,Control,RKC,8.011,11.0
8/22/2010,Control,RKC,8.010,11.1
8/22/2010,Control,RKC,8.013,11.0
8/22/2010,Control,RKC,8.017,11.0
8/22/2010,Control,RKC,8.015,11.0
8/22/2010,Control,RKC,8.015,11.0
8/23/2010,Control,RKC,8.007,10.8
8/23/2010,Control,RKC,8.007,10.8
8/23/2010,Control,RKC,8.005,10.9
8/23/2010,Control,RKC,8.006,10.8
8/23/2010,Control,RKC,8.005,10.9
8/24/2010,Control,RKC,8.018,11.2
8/24/2010,Control,RKC,8.019,11.1
8/24/2010,Control,RKC,8.017,11.1
8/24/2010,Control,RKC,8.020,11.4
8/24/2010,Control,RKC,8.022,11.1
8/25/2010,Control,RKC,8.030,11.2
8/25/2010,Control,RKC,8.030,11.1
8/25/2010,Control,RKC,8.031,11.2
8/25/2010,Control,RKC,8.030,11.1
8/25/2010,Control,RKC,8.029,11.2
8/26/2010,Control,RKC,8.042,11.3
8/26/2010,Control,RKC,8.043,11.2
8/26/2010,Control,RKC,8.043,11.2
8/26/2010,Control,RKC,8.041,11.2
8/26/2010,Control,RKC,8.043,11.2
8/27/2010,Control,RKC,8.019,11.3
8/27/2010,Control,RKC,8.02,11.3
8/27/2010,Control,RKC,8.022,11.3
8/27/2010,Control,RKC,8.021,11.3
8/27/2010,Control,RKC,8.021,11.3
8/28/2010,Control,RKC,8.035,11.5
8/28/2010,Control,RKC,8.036,11.5
8/28/2010,Control,RKC,8.038,11.3
8/28/2010,Control,RKC,8.039,11.3
8/28/2010,Control,RKC,8.038,11.4
8/29/2010,Control,RKC,8.018,11.3
8/29/2010,Control,RKC,8.021,11.2
8/29/2010,Control,RKC,8.021,11.2
8/29/2010,Control,RKC,8.022,11.3
8/29/2010,Control,RKC,8.021,11.2
8/30/2010,Control,RKC,8.047,11.1
8/30/2010,Control,RKC,8.045,11.1
8/30/2010,Control,RKC,8.048,11
8/30/2010,Control,RKC,8.048,11
8/30/2010,Control,RKC,8.05,10.9
8/31/2010,Control,RKC,8.025,11.1
8/31/2010,Control,RKC,8.029,11.1
8/31/2010,Control,RKC,8.031,11
8/31/2010,Control,RKC,8.031,11
8/31/2010,Control,RKC,8.034,11
9/1/2010,Control,RKC,8.039,11.3
9/1/2010,Control,RKC,8.038,11.2
9/1/2010,Control,RKC,8.038,11.2
9/1/2010,Control,RKC,8.041,11.1
9/1/2010,Control,RKC,8.039,11.2
9/2/2010,Control,RKC,8.035,11.3
9/2/2010,Control,RKC,8.035,11.3
9/2/2010,Control,RKC,8.037,11.3
9/2/2010,Control,RKC,8.044,11.2
9/2/2010,Control,RKC,8.036,11.2
9/3/2010,Control,RKC,8.036,11.4
9/3/2010,Control,RKC,8.042,11.4
9/3/2010,Control,RKC,8.038,11.4
9/3/2010,Control,RKC,8.039,11.4
9/3/2010,Control,RKC,8.041,11.4
9/4/2010,Control,RKC,8.036,11.6
9/4/2010,Control,RKC,8.039,11.5
9/4/2010,Control,RKC,8.041,11.5
9/4/2010,Control,RKC,8.041,11.5
9/4/2010,Control,RKC,8.042,11.5
9/5/2010,Control,RKC,8.022,11.9
9/5/2010,Control,RKC,8.027,11.7
9/5/2010,Control,RKC,8.024,11.8
9/5/2010,Control,RKC,8.025,11.6
9/5/2010,Control,RKC,8.027,11.6
9/6/2010,Control,RKC,8.031,11.7
9/6/2010,Control,RKC,8.026,12
9/6/2010,Control,RKC,8.036,11.7
9/6/2010,Control,RKC,8.037,11.6
9/6/2010,Control,RKC,8.038,11.7
9/7/2010,Control,RKC,8.036,11.8
9/7/2010,Control,RKC,8.038,11.7
9/7/2010,Control,RKC,8.037,11.8
9/7/2010,Control,RKC,8.035,11.7
9/7/2010,Control,RKC,8.035,11.7
9/8/2010,Control,RKC,8.054,11.7
9/8/2010,Control,RKC,8.050,11.7
9/8/2010,Control,RKC,8.053,11.6
9/8/2010,Control,RKC,8.056,11.7
9/8/2010,Control,RKC,8.051,11.7
9/9/2010,Control,RKC,8.057,11.6
9/9/2010,Control,RKC,8.055,11.5
9/9/2010,Control,RKC,8.061,11.5
9/9/2010,Control,RKC,8.059,11.5
9/9/2010,Control,RKC,8.062,11.5
9/10/2010,Control,RKC,8.043,11.5
9/10/2010,Control,RKC,8.044,11.5
9/10/2010,Control,RKC,8.047,11.4
9/10/2010,Control,RKC,8.050,11.4
9/10/2010,Control,RKC,8.045,11.5
9/11/2010,Control,RKC,8.037,11.5
9/11/2010,Control,RKC,8.036,11.6
9/11/2010,Control,RKC,8.036,11.6
9/11/2010,Control,RKC,8.038,11.4
9/11/2010,Control,RKC,8.039,11.4
9/12/2010,Control,RKC,8.044,11.5
9/12/2010,Control,RKC,8.045,11.5
9/12/2010,Control,RKC,8.046,11.5
9/12/2010,Control,RKC,8.044,11.5
9/12/2010,Control,RKC,8.047,11.5
9/13/2010,Control,RKC,8.045,11.4
9/13/2010,Control,RKC,8.045,11.4
9/13/2010,Control,RKC,8.046,11.3
9/13/2010,Control,RKC,8.047,11.3
9/13/2010,Control,RKC,8.048,11.3
9/14/2010,Control,RKC,8.041,11.4
9/14/2010,Control,RKC,8.042,11.3
9/14/2010,Control,RKC,8.042,11.3
9/14/2010,Control,RKC,8.041,11.3
9/14/2010,Control,RKC,8.045,11.3
9/15/2010,Control,RKC,8.025,11.3
9/15/2010,Control,RKC,8.026,11.3
9/15/2010,Control,RKC,8.024,11.3
9/15/2010,Control,RKC,8.027,11.3
9/15/2010,Control,RKC,8.028,11.2
9/16/2010,Control,RKC,8.028,11.3
9/16/2010,Control,RKC,8.029,11.3
9/16/2010,Control,RKC,8.030,11.3
9/16/2010,Control,RKC,8.037,11.2
9/16/2010,Control,RKC,8.033,11.3
9/17/2010,Control,RKC,8.056,11.4
9/17/2010,Control,RKC,8.050,11.3
9/17/2010,Control,RKC,8.051,11.3
9/17/2010,Control,RKC,8.049,11.3
9/17/2010,Control,RKC,8.055,11.2
9/18/2010,Control,RKC,8.067,11.4
9/18/2010,Control,RKC,8.070,11.4
9/18/2010,Control,RKC,8.069,11.4
9/18/2010,Control,RKC,8.077,11.3
9/18/2010,Control,RKC,8.075,11.3
9/19/2010,Control,RKC,8.063,11.3
9/19/2010,Control,RKC,8.063,11.4
9/19/2010,Control,RKC,8.064,11.3
9/19/2010,Control,RKC,8.063,11.3
9/19/2010,Control,RKC,8.064,11.3
9/20/2010,Control,RKC,8.044,11.4
9/20/2010,Control,RKC,8.046,11.3
9/20/2010,Control,RKC,8.045,11.3
9/20/2010,Control,RKC,8.045,11.3
9/20/2010,Control,RKC,8.050,11.2
9/21/2010,Control,RKC,8.017,11.3
9/21/2010,Control,RKC,8.021,11.3
9/21/2010,Control,RKC,8.021,11.3
9/21/2010,Control,RKC,8.020,11.3
9/21/2010,Control,RKC,8.022,11.3
9/22/2010,Control,RKC,8.001,11.3
9/22/2010,Control,RKC,8.003,11.2
9/22/2010,Control,RKC,8.002,11.2
9/22/2010,Control,RKC,8.004,11.2
9/22/2010,Control,RKC,8.006,11.2
9/23/2010,Control,RKC,7.993,11.1
9/23/2010,Control,RKC,7.993,11.2
9/23/2010,Control,RKC,7.996,11.2
9/23/2010,Control,RKC,7.995,11.1
9/23/2010,Control,RKC,7.995,11.1
9/24/2010,Control,RKC,7.989,11.1
9/24/2010,Control,RKC,7.992,11.0
9/24/2010,Control,RKC,7.990,11.1
9/24/2010,Control,RKC,7.994,11.0
9/24/2010,Control,RKC,7.989,11.1
9/25/2010,Control,RKC,8.021,10.6
9/25/2010,Control,RKC,8.019,10.6
9/25/2010,Control,RKC,8.020,10.6
9/25/2010,Control,RKC,8.019,10.6
9/25/2010,Control,RKC,8.018,10.6
9/26/2010,Control,RKC,8.016,10.6
9/26/2010,Control,RKC,8.014,10.6
9/26/2010,Control,RKC,8.005,10.5
9/26/2010,Control,RKC,8.011,10.5
9/26/2010,Control,RKC,8.013,10.4
9/27/2010,Control,RKC,8.008,10.4
9/27/2010,Control,RKC,8.014,10.4
9/27/2010,Control,RKC,8.015,10.4
9/27/2010,Control,RKC,8.018,10.4
9/27/2010,Control,RKC,8.011,10.4
9/28/2010,Control,RKC,8.009,10.4
9/28/2010,Control,RKC,8.013,10.3
9/28/2010,Control,RKC,8.010,10.3
9/28/2010,Control,RKC,8.021,10.4
9/28/2010,Control,RKC,8.013,10.5
9/29/2010,Control,RKC,8.011,10.4
9/29/2010,Control,RKC,8.012,10.4
9/29/2010,Control,RKC,8.012,10.3
9/29/2010,Control,RKC,8.015,10.3
9/29/2010,Control,RKC,8.012,10.5
9/30/2010,Control,RKC,8.025,10.4
9/30/2010,Control,RKC,8.020,10.3
9/30/2010,Control,RKC,8.020,10.8
9/30/2010,Control,RKC,8.024,10.4
9/30/2010,Control,RKC,8.021,10.3
10/1/2010,Control,RKC,8.011,10.4
10/1/2010,Control,RKC,8.014,10.3
10/1/2010,Control,RKC,8.016,10.3
10/1/2010,Control,RKC,8.016,10.4
10/1/2010,Control,RKC,8.019,10.3
10/2/2010,Control,RKC,8.017,10.3
10/2/2010,Control,RKC,8.018,10.2
10/2/2010,Control,RKC,8.018,10.3
10/2/2010,Control,RKC,8.022,10.2
10/2/2010,Control,RKC,8.020,10.2
10/3/2010,Control,RKC,8.021,10.3
10/3/2010,Control,RKC,8.025,10.1
10/3/2010,Control,RKC,8.030,10.1
10/3/2010,Control,RKC,8.024,10.1
10/3/2010,Control,RKC,8.020,10.1
10/4/2010,Control,RKC,7.978,10.1
10/4/2010,Control,RKC,7.981,10.1
10/4/2010,Control,RKC,8.005,10.1
10/4/2010,Control,RKC,7.991,10.1
10/4/2010,Control,RKC,7.994,10.1
10/5/2010,Control,RKC,7.990,10.2
10/5/2010,Control,RKC,7.990,10.2
10/5/2010,Control,RKC,7.989,10.2
10/5/2010,Control,RKC,7.994,10.2
10/5/2010,Control,RKC,7.995,10.1
10/6/2010,Control,RKC,7.990,10.0
10/6/2010,Control,RKC,7.993,10.0
10/6/2010,Control,RKC,7.994,9.9
10/6/2010,Control,RKC,8.001,10.0
10/6/2010,Control,RKC,8.001,9.9
10/7/2010,Control,RKC,8.001,9.8
10/7/2010,Control,RKC,8.000,9.9
10/7/2010,Control,RKC,7.999,9.8
10/7/2010,Control,RKC,8.019,9.8
10/7/2010,Control,RKC,8.019,9.8
10/8/2010,Control,RKC,7.996,9.8
10/8/2010,Control,RKC,7.997,9.7
10/8/2010,Control,RKC,7.997,9.8
10/8/2010,Control,RKC,8.005,9.8
10/8/2010,Control,RKC,8.004,9.7
10/9/2010,Control,RKC,7.997,9.6
10/9/2010,Control,RKC,8.016,9.6
10/9/2010,Control,RKC,8.004,9.5
10/9/2010,Control,RKC,8.014,9.5
10/9/2010,Control,RKC,8.005,9.5
10/10/10,Control,RKC,8.006,9.4
10/10/10,Control,RKC,8.022,9.4
10/10/10,Control,RKC,8.008,9.4
10/10/10,Control,RKC,8.008,9.4
10/10/10,Control,RKC,8.016,9.4
10/11/10,Control,RKC,8.016,9.3
10/11/10,Control,RKC,8.016,9.2
10/11/10,Control,RKC,8.017,9.2
10/11/10,Control,RKC,8.017,9.2
10/11/10,Control,RKC,8.018,9.2
10/12/10,Control,RKC,7.998,9.2
10/12/10,Control,RKC,8.005,9.2
10/12/10,Control,RKC,7.999,9.2
10/12/10,Control,RKC,8.004,9.2
10/12/10,Control,RKC,8.011,9.1
10/13/10,Control,RKC,7.998,9
10/13/10,Control,RKC,7.997,9
10/13/10,Control,RKC,7.999,9
10/13/10,Control,RKC,8.001,8.9
10/13/10,Control,RKC,8.003,9
10/14/10,Control,RKC,8.012,8.8
10/14/10,Control,RKC,8.010,8.9
10/14/10,Control,RKC,8.015,8.8
10/14/10,Control,RKC,8.012,8.9
10/14/10,Control,RKC,8.011,8.9
10/15/10,Control,RKC,8.018,8.8
10/15/10,Control,RKC,8.029,8.7
10/15/10,Control,RKC,8.027,8.8
10/15/10,Control,RKC,8.019,8.7
10/15/10,Control,RKC,7.031,8.7
10/16/10,Control,RKC,8.027,8.7
10/16/10,Control,RKC,8.028,8.7
10/16/10,Control,RKC,8.029,8.7
10/16/10,Control,RKC,8.030,8.7
10/16/10,Control,RKC,8.036,8.7
10/17/10,Control,RKC,8.004,8.8
10/17/10,Control,RKC,8.012,8.6
10/17/10,Control,RKC,8.011,8.7
10/17/10,Control,RKC,8.007,8.7
10/17/10,Control,RKC,8.012,8.7
10/18/10,Control,RKC,8.002,8.7
10/18/10,Control,RKC,8.001,8.7
10/18/10,Control,RKC,8.003,8.7
10/18/10,Control,RKC,8.006,8.7
10/18/10,Control,RKC,8.009,8.6
10/19/10,Control,RKC,8.003,8.8
10/19/10,Control,RKC,8.007,8.7
10/19/10,Control,RKC,8.008,8.8
10/19/10,Control,RKC,8.006,8.8
10/19/10,Control,RKC,8.009,8.8
10/20/10,Control,RKC,8.003,8.9
10/20/10,Control,RKC,8.004,8.8
10/20/10,Control,RKC,8.008,8.8
10/20/10,Control,RKC,8.005,8.9
10/20/10,Control,RKC,8.004,8.9
10/21/10,Control,RKC,8.005,8.8
10/21/10,Control,RKC,8.009,8.7
10/21/10,Control,RKC,8.016,8.7
10/21/10,Control,RKC,8.008,8.9
10/21/10,Control,RKC,8.004,8.8
10/22/10,Control,RKC,8.002,8.6
10/22/10,Control,RKC,8.000,8.7
10/22/10,Control,RKC,8.002,8.6
10/22/10,Control,RKC,8.000,8.7
10/22/10,Control,RKC,7.999,8.7
10/23/10,Control,RKC,8.010,8.6
10/23/10,Control,RKC,8.008,8.6
10/23/10,Control,RKC,8.008,8.6
10/23/10,Control,RKC,8.008,8.6
10/23/10,Control,RKC,8.008,8.6
10/24/10,Control,RKC,8.007,8.6
10/24/10,Control,RKC,7.998,8.6
10/24/10,Control,RKC,7.996,8.6
10/24/10,Control,RKC,8.003,8.6
10/24/10,Control,RKC,7.997,8.6
10/25/10,Control,RKC,7.987,8.5
10/25/10,Control,RKC,7.987,8.5
10/25/10,Control,RKC,7.991,8.5
10/25/10,Control,RKC,7.994,8.5
10/25/10,Control,RKC,8.010,8.4
10/26/10,Control,RKC,7.987,8.4
10/26/10,Control,RKC,7.987,8.4
10/26/10,Control,RKC,7.986,8.4
10/26/10,Control,RKC,7.986,8.4
10/26/10,Control,RKC,7.997,8.3
10/27/10,Control,RKC,7.985,8.4
10/27/10,Control,RKC,7.984,8.3
10/27/10,Control,RKC,7.987,8.3
10/27/10,Control,RKC,7.987,8.4
10/27/10,Control,RKC,7.988,8.4
10/28/10,Control,RKC,7.985,8.2
10/28/10,Control,RKC,7.991,8.2
10/28/10,Control,RKC,7.994,8.2
10/28/10,Control,RKC,7.999,8.1
10/28/10,Control,RKC,7.991,8.1
10/29/10,Control,RKC,8.002,8.1
10/29/10,Control,RKC,7.987,8.2
10/29/10,Control,RKC,7.990,8.1
10/29/10,Control,RKC,7.996,8.1
10/29/10,Control,RKC,7.986,8.1
10/30/10,Control,RKC,7.994,7.9
10/30/10,Control,RKC,7.993,7.9
10/30/10,Control,RKC,7.995,7.8
10/30/10,Control,RKC,8.001,7.8
10/30/10,Control,RKC,8.004,7.8
10/31/10,Control,RKC,8.012,7.9
10/31/10,Control,RKC,8.003,7.8
10/31/10,Control,RKC,8.009,7.7
10/31/10,Control,RKC,8.013,7.8
10/31/10,Control,RKC,8.005,7.7
11/1/10,Control,RKC,8.009,7.7
11/1/10,Control,RKC,8.005,7.9
11/1/10,Control,RKC,8.018,7.8
11/1/10,Control,RKC,8.018,7.8
11/1/10,Control,RKC,8.008,7.8
11/2/10,Control,RKC,7.993,7.8
11/2/10,Control,RKC,7.993,7.8
11/2/10,Control,RKC,7.993,7.9
11/2/10,Control,RKC,7.999,7.8
11/2/10,Control,RKC,8.003,7.6
11/3/10,Control,RKC,7.995,7.7
11/3/10,Control,RKC,8.011,7.7
11/3/10,Control,RKC,8.002,7.7
11/3/10,Control,RKC,7.998,7.8
11/3/10,Control,RKC,7.996,7.8
11/4/10,Control,RKC,8.003,7.5
11/4/10,Control,RKC,8.013,7.4
11/4/10,Control,RKC,8.026,7.4
11/4/10,Control,RKC,8.017,7.5
11/4/10,Control,RKC,8.006,7.3
11/5/10,Control,RKC,7.999,7.5
11/5/10,Control,RKC,8.006,7.5
11/5/10,Control,RKC,8.006,7.4
11/5/10,Control,RKC,7.997,7.5
11/5/10,Control,RKC,8.010,7.4
11/6/10,Control,RKC,8.033,7.2
11/6/10,Control,RKC,8.027,7.2
11/6/10,Control,RKC,8.030,7.3
11/6/10,Control,RKC,8.020,7.1
11/6/10,Control,RKC,8.033,7.2
11/7/10,Control,RKC,8.021,6.9
11/7/10,Control,RKC,8.042,6.8
11/7/10,Control,RKC,8.019,6.9
11/7/10,Control,RKC,8.037,7.0
11/7/10,Control,RKC,8.014,6.9
11/8/10,Control,RKC,8.023,7.1
11/8/10,Control,RKC,8.022,7.0
11/8/10,Control,RKC,8.031,6.9
11/8/10,Control,RKC,8.028,6.8
11/8/10,Control,RKC,8.029,6.7
11/9/10,Control,RKC,8.004,6.8
11/9/10,Control,RKC,8.012,6.7
11/9/10,Control,RKC,8.003,6.8
11/9/10,Control,RKC,8.012,6.8
11/9/10,Control,RKC,8.010,6.8
11/10/10,Control,RKC,8.009,6.8
11/10/10,Control,RKC,8.007,6.7
11/10/10,Control,RKC,8.014,6.7
11/10/10,Control,RKC,8.008,6.9
11/10/10,Control,RKC,8.008,6.8
11/11/10,Control,RKC,8.007,6.8
11/11/10,Control,RKC,8.011,6.7
11/11/10,Control,RKC,8.006,6.8
11/11/10,Control,RKC,8.022,6.8
11/11/10,Control,RKC,8.007,6.7
11/12/10,Control,RKC,8.010,6.9
11/12/10,Control,RKC,7.996,6.9
11/12/10,Control,RKC,8.003,6.8
11/12/10,Control,RKC,8.002,6.9
11/12/10,Control,RKC,8.004,6.9
11/13/10,Control,RKC,7.990,6.7
11/13/10,Control,RKC,7.992,6.7
11/13/10,Control,RKC,7.992,6.7
11/13/10,Control,RKC,7.993,6.8
11/13/10,Control,RKC,7.999,6.7
11/14/10,Control,RKC,7.995,6.7
11/14/10,Control,RKC,7.982,6.8
11/14/10,Control,RKC,8.003,6.7
11/14/10,Control,RKC,8.001,6.7
11/14/10,Control,RKC,7.990,6.7
11/15/10,Control,RKC,7.981,6.6
11/15/10,Control,RKC,8.013,6.5
11/15/10,Control,RKC,7.986,6.7
11/15/10,Control,RKC,7.993,6.6
11/15/10,Control,RKC,7.991,6.7
11/16/10,Control,RKC,7.990,6.2
11/16/10,Control,RKC,7.989,6.1
11/16/10,Control,RKC,7.994,6.2
11/16/10,Control,RKC,8.011,6.0
11/16/10,Control,RKC,7.994,6.1
11/17/10,Control,RKC,8.000,6.3
11/17/10,Control,RKC,7.998,6.4
11/17/10,Control,RKC,8.000,6.5
11/17/10,Control,RKC,8.003,6.4
11/17/10,Control,RKC,7.999,6.5
11/18/10,Control,RKC,7.997,6.2
11/18/10,Control,RKC,8.010,6.2
11/18/10,Control,RKC,7.994,6.4
11/18/10,Control,RKC,8.010,6.1
11/18/10,Control,RKC,8.000,6
11/19/10,Control,RKC,8.003,5.7
11/19/10,Control,RKC,7.998,5.6
11/19/10,Control,RKC,8.003,5.6
11/19/10,Control,RKC,7.996,5.7
11/19/10,Control,RKC,7.994,5.7
11/20/10,Control,RKC,7.999,5.7
11/20/10,Control,RKC,8.000,5.7
11/20/10,Control,RKC,8.000,5.7
11/20/10,Control,RKC,8.002,5.7
11/20/10,Control,RKC,8.006,5.6
11/21/10,Control,RKC,8.002,5.8
11/21/10,Control,RKC,7.996,5.7
11/21/10,Control,RKC,8.000,5.7
11/21/10,Control,RKC,8.006,5.7
11/21/10,Control,RKC,8.001,5.7
11/22/10,Control,RKC,7.988,6.0
11/22/10,Control,RKC,7.987,5.8
11/22/10,Control,RKC,7.987,5.8
11/22/10,Control,RKC,7.987,5.9
11/22/10,Control,RKC,7.989,5.9
11/23/10,Control,RKC,7.995,6.1
11/23/10,Control,RKC,7.994,6.1
11/23/10,Control,RKC,7.993,6.2
11/23/10,Control,RKC,7.993,6.1
11/23/10,Control,RKC,7.991,6.1
11/24/10,Control,RKC,7.996,6.3
11/24/10,Control,RKC,7.997,6.2
11/24/10,Control,RKC,7.998,6.3
11/24/10,Control,RKC,8.003,6.2
11/24/10,Control,RKC,8.004,6.3
11/25/10,Control,RKC,8.005,6.1
11/25/10,Control,RKC,8.005,6.1
11/25/10,Control,RKC,8.007,6.1
11/25/10,Control,RKC,8.013,6.1
11/25/10,Control,RKC,8.022,6.1
11/26/10,Control,RKC,8.022,5.9
11/26/10,Control,RKC,8.028,5.8
11/26/10,Control,RKC,8.033,5.8
11/26/10,Control,RKC,8.022,5.8
11/26/10,Control,RKC,8.015,5.9
11/27/10,Control,RKC,8.003,5.8
11/27/10,Control,RKC,8.005,5.9
11/27/10,Control,RKC,8.008,5.8
11/27/10,Control,RKC,8.008,5.8
11/27/10,Control,RKC,8.020,5.8
11/28/10,Control,RKC,8.016,5.9
11/28/10,Control,RKC,8.030,5.8
11/28/10,Control,RKC,8.029,5.8
11/28/10,Control,RKC,8.034,5.8
11/28/10,Control,RKC,8.039,5.8
11/29/10,Control,RKC,8.024,5.6
11/29/10,Control,RKC,8.025,5.6
11/29/10,Control,RKC,8.027,5.7
11/29/10,Control,RKC,8.032,5.5
11/29/10,Control,RKC,8.040,5.5
11/30/10,Control,RKC,8.035,5.2
11/30/10,Control,RKC,8.029,5
11/30/10,Control,RKC,8.026,5
11/30/10,Control,RKC,8.027,5.1
11/30/10,Control,RKC,8.028,5
12/1/10,Control,RKC,8.035,5.3
12/1/10,Control,RKC,8.039,5.3
12/1/10,Control,RKC,8.038,5.3
12/1/10,Control,RKC,8.029,6.8
12/1/10,Control,RKC,8.036,5.3
12/2/10,Control,RKC,8.030,5.4
12/2/10,Control,RKC,8.028,5.4
12/2/10,Control,RKC,8.029,5.4
12/2/10,Control,RKC,8.026,5.5
12/2/10,Control,RKC,8.040,5.4
12/3/10,Control,RKC,8.032,5.3
12/3/10,Control,RKC,8.030,5.2
12/3/10,Control,RKC,8.029,5.2
12/3/10,Control,RKC,8.033,5.3
12/3/10,Control,RKC,8.031,5.3
12/4/10,Control,RKC,8.025,5.2
12/4/10,Control,RKC,8.027,5.2
12/4/10,Control,RKC,8.035,5.3
12/4/10,Control,RKC,8.035,5.3
12/4/10,Control,RKC,8.042,5.2
12/5/10,Control,RKC,8.057,5.4
12/5/10,Control,RKC,8.035,5.4
12/5/10,Control,RKC,8.043,5.3
12/5/10,Control,RKC,8.043,5.4
12/5/10,Control,RKC,8.049,5.3
12/6/10,Control,RKC,8.041,5.5
12/6/10,Control,RKC,8.044,5.3
12/6/10,Control,RKC,8.037,5.5
12/6/10,Control,RKC,8.035,5.4
12/6/10,Control,RKC,8.034,5.5
12/7/10,Control,RKC,8.038,5.8
12/7/10,Control,RKC,8.039,5.8
12/7/10,Control,RKC,8.042,5.7
12/7/10,Control,RKC,8.039,5.9
12/7/10,Control,RKC,8.049,5.7
12/8/10,Control,RKC,8.043,5.8
12/8/10,Control,RKC,8.045,5.7
12/8/10,Control,RKC,8.047,5.7
12/8/10,Control,RKC,8.057,5.7
12/8/10,Control,RKC,8.063,5.8
12/9/10,Control,RKC,8.047,5.8
12/9/10,Control,RKC,8.048,5.6
12/9/10,Control,RKC,8.048,5.6
12/9/10,Control,RKC,8.048,5.6
12/9/10,Control,RKC,8.063,5.6
12/10/10,Control,RKC,8.064,5.7
12/10/10,Control,RKC,8.065,5.6
12/10/10,Control,RKC,8.062,5.7
12/10/10,Control,RKC,8.061,5.8
12/10/10,Control,RKC,8.059,5.8
12/11/10,Control,RKC,8.059,5.6
12/11/10,Control,RKC,8.061,5.5
12/11/10,Control,RKC,8.065,5.5
12/11/10,Control,RKC,8.064,5.6
12/11/10,Control,RKC,8.068,5.5
12/12/10,Control,RKC,8.063,5.5
12/12/10,Control,RKC,8.057,5.5
12/12/10,Control,RKC,8.058,5.6
12/12/10,Control,RKC,8.070,5.5
12/12/10,Control,RKC,8.064,5.6
12/13/10,Control,RKC,8.060,5.4
12/13/10,Control,RKC,8.061,5.3
12/13/10,Control,RKC,8.061,5.4
12/13/10,Control,RKC,8.058,5.5
12/13/10,Control,RKC,8.064,5.5
12/14/10,Control,RKC,8.062,5.3
12/14/10,Control,RKC,8.063,5.2
12/14/10,Control,RKC,8.075,5.3
12/14/10,Control,RKC,8.087,5.2
12/14/10,Control,RKC,8.065,5.5
12/15/10,Control,RKC,8.103,4.7
12/15/10,Control,RKC,8.092,4.8
12/15/10,Control,RKC,8.103,4.7
12/15/10,Control,RKC,8.108,4.7
12/15/10,Control,RKC,8.097,4.7
12/16/10,Control,RKC,8.075,5.0
12/16/10,Control,RKC,8.075,5.1
12/16/10,Control,RKC,8.088,4.9
12/16/10,Control,RKC,8.090,5.1
12/16/10,Control,RKC,8.087,5.0
12/17/10,Control,RKC,8.072,4.9
12/17/10,Control,RKC,8.071,4.8
12/17/10,Control,RKC,8.086,4.8
12/17/10,Control,RKC,8.074,4.9
12/17/10,Control,RKC,8.074,4.9
12/18/10,Control,RKC,8.071,4.8
12/18/10,Control,RKC,8.072,4.9
12/18/10,Control,RKC,8.075,4.8
12/18/10,Control,RKC,8.078,4.8
12/18/10,Control,RKC,8.075,4.9
12/19/10,Control,RKC,8.071,4.7
12/19/10,Control,RKC,8.074,4.6
12/19/10,Control,RKC,8.082,4.7
12/19/10,Control,RKC,8.084,4.6
12/19/10,Control,RKC,8.089,4.6
12/20/10,Control,RKC,8.067,4.4
12/20/10,Control,RKC,8.063,4.5
12/20/10,Control,RKC,8.067,4.4
12/20/10,Control,RKC,8.078,4.4
12/20/10,Control,RKC,8.070,4.3
6/10/2010,pH 7.5,RKC,7.506,8.6
6/10/2010,pH 7.5,RKC,7.516,8.6
6/10/2010,pH 7.5,RKC,7.514,8.7
6/10/2010,pH 7.5,RKC,7.497,8.7
6/10/2010,pH 7.5,RKC,7.508,8.7
6/11/2010,pH 7.5,RKC,7.491,8.6
6/11/2010,pH 7.5,RKC,7.497,8.5
6/11/2010,pH 7.5,RKC,7.498,8.7
6/11/2010,pH 7.5,RKC,7.506,8.6
6/11/2010,pH 7.5,RKC,7.514,8.7
6/12/2010,pH 7.5,RKC,7.547,8.9
6/12/2010,pH 7.5,RKC,7.546,9.1
6/12/2010,pH 7.5,RKC,7.543,8.9
6/12/2010,pH 7.5,RKC,7.543,9.0
6/12/2010,pH 7.5,RKC,7.543,8.9
6/13/2010,pH 7.5,RKC,7.487,9.4
6/13/2010,pH 7.5,RKC,7.491,9.3
6/13/2010,pH 7.5,RKC,7.501,9.1
6/13/2010,pH 7.5,RKC,7.498,9.2
6/13/2010,pH 7.5,RKC,7.498,9.3
6/14/2010,pH 7.5,RKC,7.522,9.0
6/14/2010,pH 7.5,RKC,7.532,9.1
6/14/2010,pH 7.5,RKC,7.528,9.1
6/14/2010,pH 7.5,RKC,7.529,9.2
6/14/2010,pH 7.5,RKC,7.532,9.2
6/15/2010,pH 7.5,RKC,7.464,9.1
6/15/2010,pH 7.5,RKC,7.458,9.0
6/15/2010,pH 7.5,RKC,7.461,9.0
6/15/2010,pH 7.5,RKC,7.456,9.0
6/15/2010,pH 7.5,RKC,7.462,9.0
6/16/2010,pH 7.5,RKC,7.497,8.9
6/16/2010,pH 7.5,RKC,7.507,8.9
6/16/2010,pH 7.5,RKC,7.500,9.0
6/16/2010,pH 7.5,RKC,7.499,9.2
6/16/2010,pH 7.5,RKC,7.506,9.1
6/17/2010,pH 7.5,RKC,7.490,8.9
6/17/2010,pH 7.5,RKC,7.497,8.8
6/17/2010,pH 7.5,RKC,7.482,8.9
6/17/2010,pH 7.5,RKC,7.489,8.7
6/17/2010,pH 7.5,RKC,7.495,8.9
6/18/2010,pH 7.5,RKC,7.477,9.1
6/18/2010,pH 7.5,RKC,7.478,9.2
6/18/2010,pH 7.5,RKC,7.476,9.0
6/18/2010,pH 7.5,RKC,7.488,9.0
6/18/2010,pH 7.5,RKC,7.473,8.9
6/19/2010,pH 7.5,RKC,7.519,9.4
6/19/2010,pH 7.5,RKC,7.534,9.2
6/19/2010,pH 7.5,RKC,7.523,9.1
6/19/2010,pH 7.5,RKC,7.529,9.1
6/19/2010,pH 7.5,RKC,7.534,9.4
6/20/2010,pH 7.5,RKC,7.493,9.1
6/20/2010,pH 7.5,RKC,7.483,8.9
6/20/2010,pH 7.5,RKC,7.483,9.0
6/20/2010,pH 7.5,RKC,7.484,9.0
6/20/2010,pH 7.5,RKC,7.500,8.9
6/21/2010,pH 7.5,RKC,7.482,9.3
6/21/2010,pH 7.5,RKC,7.481,9.2
6/21/2010,pH 7.5,RKC,7.492,9.3
6/21/2010,pH 7.5,RKC,7.486,9.3
6/21/2010,pH 7.5,RKC,7.488,9.3
6/22/2010,pH 7.5,RKC,7.508,9.5
6/22/2010,pH 7.5,RKC,7.512,9.3
6/22/2010,pH 7.5,RKC,7.514,9.4
6/22/2010,pH 7.5,RKC,7.509,9.5
6/22/2010,pH 7.5,RKC,7.524,9.5
6/23/2010,pH 7.5,RKC,7.812,9.5
6/23/2010,pH 7.5,RKC,7.505,9.2
6/23/2010,pH 7.5,RKC,7.491,9.3
6/23/2010,pH 7.5,RKC,7.508,9.2
6/23/2010,pH 7.5,RKC,7.507,9.4
6/24/2010,pH 7.5,RKC,7.483,9.4
6/24/2010,pH 7.5,RKC,7.476,9.2
6/24/2010,pH 7.5,RKC,7.496,9.3
6/24/2010,pH 7.5,RKC,7.491,9.4
6/24/2010,pH 7.5,RKC,7.481,9.6
6/25/2010,pH 7.5,RKC,7.521,9.3
6/25/2010,pH 7.5,RKC,7.539,9.3
6/25/2010,pH 7.5,RKC,7.528,9.3
6/25/2010,pH 7.5,RKC,7.540,9.2
6/25/2010,pH 7.5,RKC,7.525,9.2
6/26/2010,pH 7.5,RKC,7.527,9.4
6/26/2010,pH 7.5,RKC,7.517,9.4
6/26/2010,pH 7.5,RKC,7.536,9.5
6/26/2010,pH 7.5,RKC,7.509,9.7
6/26/2010,pH 7.5,RKC,7.514,9.5
6/27/2010,pH 7.5,RKC,7.497,9.5
6/27/2010,pH 7.5,RKC,7.499,9.5
6/27/2010,pH 7.5,RKC,7.482,9.4
6/27/2010,pH 7.5,RKC,7.501,9.5
6/27/2010,pH 7.5,RKC,7.490,9.5
6/28/2010,pH 7.5,RKC,7.501,9.4
6/28/2010,pH 7.5,RKC,7.512,9.4
6/28/2010,pH 7.5,RKC,7.503,9.4
6/28/2010,pH 7.5,RKC,7.509,9.5
6/28/2010,pH 7.5,RKC,7.519,9.5
6/29/2010,pH 7.5,RKC,7.472,9.7
6/29/2010,pH 7.5,RKC,7.496,9.5
6/29/2010,pH 7.5,RKC,7.475,9.5
6/29/2010,pH 7.5,RKC,7.506,9.4
6/29/2010,pH 7.5,RKC,7.479,9.4
6/30/2010,pH 7.5,RKC,7.491,9.6
6/30/2010,pH 7.5,RKC,7.484,9.5
6/30/2010,pH 7.5,RKC,7.499,9.5
6/30/2010,pH 7.5,RKC,7.473,9.5
6/30/2010,pH 7.5,RKC,7.490,9.6
7/1/2010,pH 7.5,RKC,7.521,9.4
7/1/2010,pH 7.5,RKC,7.491,9.5
7/1/2010,pH 7.5,RKC,7.512,9.5
7/1/2010,pH 7.5,RKC,7.496,9.5
7/1/2010,pH 7.5,RKC,7.501,9.5
7/2/2010,pH 7.5,RKC,7.474,9.2
7/2/2010,pH 7.5,RKC,7.468,9.7
7/2/2010,pH 7.5,RKC,7.478,9.3
7/2/2010,pH 7.5,RKC,7.461,9.4
7/2/2010,pH 7.5,RKC,7.468,9.3
7/3/2010,pH 7.5,RKC,7.489,9.4
7/3/2010,pH 7.5,RKC,7.491,9.3
7/3/2010,pH 7.5,RKC,7.498,9.4
7/3/2010,pH 7.5,RKC,7.501,9.4
7/3/2010,pH 7.5,RKC,7.492,9.4
7/4/2010,pH 7.5,RKC,7.515,9.4
7/4/2010,pH 7.5,RKC,7.499,9.6
7/4/2010,pH 7.5,RKC,7.500,9.5
7/4/2010,pH 7.5,RKC,7.508,9.5
7/4/2010,pH 7.5,RKC,7.502,9.6
7/5/2010,pH 7.5,RKC,7.521,9.3
7/5/2010,pH 7.5,RKC,7.496,9.3
7/5/2010,pH 7.5,RKC,7.515,9.4
7/5/2010,pH 7.5,RKC,7.517,9.4
7/5/2010,pH 7.5,RKC,7.506,9.3
7/6/2010,pH 7.5,RKC,7.514,9.5
7/6/2010,pH 7.5,RKC,7.518,9.4
7/6/2010,pH 7.5,RKC,7.504,9.5
7/6/2010,pH 7.5,RKC,7.524,9.5
7/6/2010,pH 7.5,RKC,7.511,9.6
7/7/2010,pH 7.5,RKC,7.502,9.5
7/7/2010,pH 7.5,RKC,7.510,9.5
7/7/2010,pH 7.5,RKC,7.511,9.5
7/7/2010,pH 7.5,RKC,7.507,9.6
7/7/2010,pH 7.5,RKC,7.512,9.5
7/8/2010,pH 7.5,RKC,7.476,9.8
7/8/2010,pH 7.5,RKC,7.450,9.7
7/8/2010,pH 7.5,RKC,7.474,9.9
7/8/2010,pH 7.5,RKC,7.456,9.7
7/8/2010,pH 7.5,RKC,7.475,9.6
7/9/2010,pH 7.5,RKC,7.511,9.7
7/9/2010,pH 7.5,RKC,7.511,9.6
7/9/2010,pH 7.5,RKC,7.486,9.7
7/9/2010,pH 7.5,RKC,7.503,9.8
7/9/2010,pH 7.5,RKC,7.495,9.7
7/10/2010,pH 7.5,RKC,7.500,9.5
7/10/2010,pH 7.5,RKC,7.515,9.6
7/10/2010,pH 7.5,RKC,7.519,9.6
7/10/2010,pH 7.5,RKC,7.514,9.6
7/10/2010,pH 7.5,RKC,7.523,9.8
7/11/2010,pH 7.5,RKC,7.485,9.5
7/11/2010,pH 7.5,RKC,7.512,9.6
7/11/2010,pH 7.5,RKC,7.495,9.5
7/11/2010,pH 7.5,RKC,7.499,9.7
7/11/2010,pH 7.5,RKC,7.506,9.7
7/12/2010,pH 7.5,RKC,7.514,9.8
7/12/2010,pH 7.5,RKC,7.513,9.8
7/12/2010,pH 7.5,RKC,7.502,9.7
7/12/2010,pH 7.5,RKC,7.511,9.8
7/12/2010,pH 7.5,RKC,7.518,9.7
7/13/2010,pH 7.5,RKC,7.513,9.7
7/13/2010,pH 7.5,RKC,7.519,9.8
7/13/2010,pH 7.5,RKC,7.532,9.8
7/13/2010,pH 7.5,RKC,7.521,10.0
7/13/2010,pH 7.5,RKC,7.515,9.7
7/14/2010,pH 7.5,RKC,7.511,9.8
7/14/2010,pH 7.5,RKC,7.508,9.8
7/14/2010,pH 7.5,RKC,7.501,9.8
7/14/2010,pH 7.5,RKC,7.512,9.8
7/14/2010,pH 7.5,RKC,7.513,9.9
7/15/2010,pH 7.5,RKC,7.487,9.9
7/15/2010,pH 7.5,RKC,7.505,9.8
7/15/2010,pH 7.5,RKC,7.485,9.8
7/15/2010,pH 7.5,RKC,7.487,9.8
7/15/2010,pH 7.5,RKC,7.514,9.8
7/16/2010,pH 7.5,RKC,7.489,10.1
7/16/2010,pH 7.5,RKC,7.511,10.0
7/16/2010,pH 7.5,RKC,7.487,9.9
7/16/2010,pH 7.5,RKC,7.503,10.1
7/16/2010,pH 7.5,RKC,7.520,10.1
7/17/2010,pH 7.5,RKC,7.487,10.3
7/17/2010,pH 7.5,RKC,7.511,10.2
7/17/2010,pH 7.5,RKC,7.485,10.2
7/17/2010,pH 7.5,RKC,7.523,10.2
7/17/2010,pH 7.5,RKC,7.511,10.2
7/18/2010,pH 7.5,RKC,7.484,10.4
7/18/2010,pH 7.5,RKC,7.487,10.2
7/18/2010,pH 7.5,RKC,7.508,10.3
7/18/2010,pH 7.5,RKC,7.489,10.3
7/18/2010,pH 7.5,RKC,7.489,10.2
7/19/2010,pH 7.5,RKC,7.499,10.2
7/19/2010,pH 7.5,RKC,7.487,10.4
7/19/2010,pH 7.5,RKC,7.494,10.3
7/19/2010,pH 7.5,RKC,7.499,10.3
7/19/2010,pH 7.5,RKC,7.472,10.3
7/20/2010,pH 7.5,RKC,7.488,10.4
7/20/2010,pH 7.5,RKC,7.498,10.4
7/20/2010,pH 7.5,RKC,7.472,10.3
7/20/2010,pH 7.5,RKC,7.498,10.4
7/20/2010,pH 7.5,RKC,7.509,10.4
7/21/2010,pH 7.5,RKC,7.470,10.4
7/21/2010,pH 7.5,RKC,7.478,10.4
7/21/2010,pH 7.5,RKC,7.488,10.5
7/21/2010,pH 7.5,RKC,7.484,10.4
7/21/2010,pH 7.5,RKC,7.480,10.5
7/22/2010,pH 7.5,RKC,7.500,10.5
7/22/2010,pH 7.5,RKC,7.518,10.5
7/22/2010,pH 7.5,RKC,7.506,10.9
7/22/2010,pH 7.5,RKC,7.513,10.7
7/22/2010,pH 7.5,RKC,7.526,10.6
7/23/2010,pH 7.5,RKC,7.520,10.5
7/23/2010,pH 7.5,RKC,7.493,10.5
7/23/2010,pH 7.5,RKC,7.524,10.4
7/23/2010,pH 7.5,RKC,7.490,10.5
7/23/2010,pH 7.5,RKC,7.509,10.6
7/24/2010,pH 7.5,RKC,7.527,10.5
7/24/2010,pH 7.5,RKC,7.486,10.5
7/24/2010,pH 7.5,RKC,7.532,10.4
7/24/2010,pH 7.5,RKC,7.492,10.5
7/24/2010,pH 7.5,RKC,7.517,10.7
7/25/2010,pH 7.5,RKC,7.525,10.4
7/25/2010,pH 7.5,RKC,7.530,10.5
7/25/2010,pH 7.5,RKC,7.531,10.6
7/25/2010,pH 7.5,RKC,7.532,10.6
7/25/2010,pH 7.5,RKC,7.545,10.6
7/26/2010,pH 7.5,RKC,7.587,10.5
7/26/2010,pH 7.5,RKC,7.501,10.5
7/26/2010,pH 7.5,RKC,7.490,10.5
7/26/2010,pH 7.5,RKC,7.502,10.5
7/26/2010,pH 7.5,RKC,7.499,11.0
7/27/2010,pH 7.5,RKC,7.531,10.5
7/27/2010,pH 7.5,RKC,7.529,10.6
7/27/2010,pH 7.5,RKC,7.530,10.6
7/27/2010,pH 7.5,RKC,7.531,10.7
7/27/2010,pH 7.5,RKC,7.525,10.6
7/28/2010,pH 7.5,RKC,7.498,10.5
7/28/2010,pH 7.5,RKC,7.519,10.7
7/28/2010,pH 7.5,RKC,7.480,10.6
7/28/2010,pH 7.5,RKC,7.512,10.5
7/28/2010,pH 7.5,RKC,7.503,10.6
7/29/2010,pH 7.5,RKC,7.465,10.5
7/29/2010,pH 7.5,RKC,7.484,10.6
7/29/2010,pH 7.5,RKC,7.494,10.6
7/29/2010,pH 7.5,RKC,7.483,10.7
7/29/2010,pH 7.5,RKC,7.492,10.7
7/30/2010,pH 7.5,RKC,7.491,10.6
7/30/2010,pH 7.5,RKC,7.499,10.3
7/30/2010,pH 7.5,RKC,7.510,10.4
7/30/2010,pH 7.5,RKC,7.477,10.4
7/30/2010,pH 7.5,RKC,7.489,10.4
7/31/2010,pH 7.5,RKC,7.491,10.5
7/31/2010,pH 7.5,RKC,7.460,10.5
7/31/2010,pH 7.5,RKC,7.497,10.5
7/31/2010,pH 7.5,RKC,7.479,10.6
7/31/2010,pH 7.5,RKC,7.470,10.6
8/1/2010,pH 7.5,RKC,7.505,10.3
8/1/2010,pH 7.5,RKC,7.527,10.4
8/1/2010,pH 7.5,RKC,7.502,10.4
8/1/2010,pH 7.5,RKC,7.507,10.5
8/1/2010,pH 7.5,RKC,7.530,10.5
8/2/2010,pH 7.5,RKC,7.492,10.3
8/2/2010,pH 7.5,RKC,7.488,10.4
8/2/2010,pH 7.5,RKC,7.485,10.5
8/2/2010,pH 7.5,RKC,7.493,10.4
8/2/2010,pH 7.5,RKC,7.497,10.3
8/3/2010,pH 7.5,RKC,7.494,10.6
8/3/2010,pH 7.5,RKC,7.497,10.4
8/3/2010,pH 7.5,RKC,7.483,10.6
8/3/2010,pH 7.5,RKC,7.482,10.6
8/3/2010,pH 7.5,RKC,7.498,10.5
8/4/2010,pH 7.5,RKC,7.510,10.3
8/4/2010,pH 7.5,RKC,7.506,10.4
8/4/2010,pH 7.5,RKC,7.498,10.3
8/4/2010,pH 7.5,RKC,7.510,10.4
8/4/2010,pH 7.5,RKC,7.496,10.3
8/5/2010,pH 7.5,RKC,7.454,10.6
8/5/2010,pH 7.5,RKC,7.461,10.5
8/5/2010,pH 7.5,RKC,7.460,10.7
8/5/2010,pH 7.5,RKC,7.446,10.5
8/5/2010,pH 7.5,RKC,7.474,10.9
8/6/2010,pH 7.5,RKC,7.537,10.5
8/6/2010,pH 7.5,RKC,7.563,10.6
8/6/2010,pH 7.5,RKC,7.545,10.5
8/6/2010,pH 7.5,RKC,7.556,10.5
8/6/2010,pH 7.5,RKC,7.550,10.6
8/7/2010,pH 7.5,RKC,7.509,10.7
8/7/2010,pH 7.5,RKC,7.504,10.5
8/7/2010,pH 7.5,RKC,7.503,10.6
8/7/2010,pH 7.5,RKC,7.504,10.6
8/7/2010,pH 7.5,RKC,7.509,10.7
8/8/2010,pH 7.5,RKC,7.512,10.6
8/8/2010,pH 7.5,RKC,7.506,10.5
8/8/2010,pH 7.5,RKC,7.509,10.7
8/8/2010,pH 7.5,RKC,7.508,10.7
8/8/2010,pH 7.5,RKC,7.520,10.6
8/9/2010,pH 7.5,RKC,7.518,10.7
8/9/2010,pH 7.5,RKC,7.519,10.8
8/9/2010,pH 7.5,RKC,7.520,10.8
8/9/2010,pH 7.5,RKC,7.528,10.9
8/9/2010,pH 7.5,RKC,7.519,10.8
8/10/2010,pH 7.5,RKC,7.548,10.9
8/10/2010,pH 7.5,RKC,7.548,10.8
8/10/2010,pH 7.5,RKC,7.544,10.9
8/10/2010,pH 7.5,RKC,7.539,11.0
8/10/2010,pH 7.5,RKC,7.548,10.9
8/11/2010,pH 7.5,RKC,7.525,11.3
8/11/2010,pH 7.5,RKC,7.522,11.2
8/11/2010,pH 7.5,RKC,7.519,11.1
8/11/2010,pH 7.5,RKC,7.521,11.0
8/11/2010,pH 7.5,RKC,7.520,11.1
8/12/2010,pH 7.5,RKC,7.515,11.1
8/12/2010,pH 7.5,RKC,7.517,11.2
8/12/2010,pH 7.5,RKC,7.514,11.0
8/12/2010,pH 7.5,RKC,7.515,11.2
8/12/2010,pH 7.5,RKC,7.518,11.1
8/13/2010,pH 7.5,RKC,7.474,11.2
8/13/2010,pH 7.5,RKC,7.469,11.1
8/13/2010,pH 7.5,RKC,7.469,11.3
8/13/2010,pH 7.5,RKC,7.469,11.1
8/13/2010,pH 7.5,RKC,7.472,11.2
8/14/2010,pH 7.5,RKC,7.548,11.4
8/14/2010,pH 7.5,RKC,7.527,11.1
8/14/2010,pH 7.5,RKC,7.552,11.1
8/14/2010,pH 7.5,RKC,7.533,11.1
8/14/2010,pH 7.5,RKC,7.539,11.1
8/15/2010,pH 7.5,RKC,7.503,10.7
8/15/2010,pH 7.5,RKC,7.503,10.7
8/15/2010,pH 7.5,RKC,7.507,10.7
8/15/2010,pH 7.5,RKC,7.501,10.7
8/15/2010,pH 7.5,RKC,7.502,10.7
8/16/2010,pH 7.5,RKC,7.499,10.9
8/16/2010,pH 7.5,RKC,7.499,10.7
8/16/2010,pH 7.5,RKC,7.494,10.7
8/16/2010,pH 7.5,RKC,7.491,10.7
8/16/2010,pH 7.5,RKC,7.495,10.9
8/17/2010,pH 7.5,RKC,7.462,10.7
8/17/2010,pH 7.5,RKC,7.458,10.6
8/17/2010,pH 7.5,RKC,7.461,10.7
8/17/2010,pH 7.5,RKC,7.460,10.7
8/17/2010,pH 7.5,RKC,7.465,10.8
8/18/2010,pH 7.5,RKC,7.471,10.6
8/18/2010,pH 7.5,RKC,7.468,10.5
8/18/2010,pH 7.5,RKC,7.469,10.5
8/18/2010,pH 7.5,RKC,7.472,10.6
8/18/2010,pH 7.5,RKC,7.469,10.6
8/19/2010,pH 7.5,RKC,7.448,10.7
8/19/2010,pH 7.5,RKC,7.461,10.6
8/19/2010,pH 7.5,RKC,7.446,10.7
8/19/2010,pH 7.5,RKC,7.449,10.6
8/19/2010,pH 7.5,RKC,7.440,10.7
8/20/2010,pH 7.5,RKC,7.503,10.8
8/20/2010,pH 7.5,RKC,7.501,10.8
8/20/2010,pH 7.5,RKC,7.500,10.8
8/20/2010,pH 7.5,RKC,7.498,10.8
8/20/2010,pH 7.5,RKC,7.499,10.8
8/21/2010,pH 7.5,RKC,7.487,11.0
8/21/2010,pH 7.5,RKC,7.486,10.9
8/21/2010,pH 7.5,RKC,7.485,11.0
8/21/2010,pH 7.5,RKC,7.490,11.0
8/21/2010,pH 7.5,RKC,7.490,10.9
8/22/2010,pH 7.5,RKC,7.514,11.0
8/22/2010,pH 7.5,RKC,7.517,11.0
8/22/2010,pH 7.5,RKC,7.519,11.0
8/22/2010,pH 7.5,RKC,7.518,11.1
8/22/2010,pH 7.5,RKC,7.512,11.0
8/23/2010,pH 7.5,RKC,7.499,10.9
8/23/2010,pH 7.5,RKC,7.502,10.9
8/23/2010,pH 7.5,RKC,7.504,10.9
8/23/2010,pH 7.5,RKC,7.500,11.0
8/23/2010,pH 7.5,RKC,7.503,11.0
8/24/2010,pH 7.5,RKC,7.517,11.2
8/24/2010,pH 7.5,RKC,7.518,11.3
8/24/2010,pH 7.5,RKC,7.503,11.4
8/24/2010,pH 7.5,RKC,7.509,11.4
8/24/2010,pH 7.5,RKC,7.510,11.3
8/25/2010,pH 7.5,RKC,8.027,11.3
8/25/2010,pH 7.5,RKC,8.025,11.3
8/25/2010,pH 7.5,RKC,8.028,11.3
8/25/2010,pH 7.5,RKC,8.027,11.2
8/25/2010,pH 7.5,RKC,8.026,11.2
8/26/2010,pH 7.5,RKC,7.488,11.3
8/26/2010,pH 7.5,RKC,7.478,11.3
8/26/2010,pH 7.5,RKC,7.494,11.3
8/26/2010,pH 7.5,RKC,7.479,11.3
8/26/2010,pH 7.5,RKC,7.479,11.4
8/27/2010,pH 7.5,RKC,7.492,11.4
8/27/2010,pH 7.5,RKC,7.496,11.3
8/27/2010,pH 7.5,RKC,7.486,11.4
8/27/2010,pH 7.5,RKC,7.484,11.3
8/27/2010,pH 7.5,RKC,7.487,11.4
8/28/2010,pH 7.5,RKC,7.517,11.3
8/28/2010,pH 7.5,RKC,7.516,11.3
8/28/2010,pH 7.5,RKC,7.517,11.3
8/28/2010,pH 7.5,RKC,7.522,11.3
8/28/2010,pH 7.5,RKC,7.515,11.3
8/29/2010,pH 7.5,RKC,7.513,11.2
8/29/2010,pH 7.5,RKC,7.513,11.2
8/29/2010,pH 7.5,RKC,7.509,11.2
8/29/2010,pH 7.5,RKC,7.506,11.2
8/29/2010,pH 7.5,RKC,7.521,11.4
8/30/2010,pH 7.5,RKC,7.515,11.1
8/30/2010,pH 7.5,RKC,7.515,11
8/30/2010,pH 7.5,RKC,7.513,11
8/30/2010,pH 7.5,RKC,7.507,11.2
8/30/2010,pH 7.5,RKC,7.51,11.1
8/31/2010,pH 7.5,RKC,7.494,11.1
8/31/2010,pH 7.5,RKC,7.49,11.1
8/31/2010,pH 7.5,RKC,7.49,11.2
8/31/2010,pH 7.5,RKC,7.494,11.1
8/31/2010,pH 7.5,RKC,7.494,11.1
9/1/2010,pH 7.5,RKC,7.508,11.2
9/1/2010,pH 7.5,RKC,7.5,11.2
9/1/2010,pH 7.5,RKC,7.504,11.2
9/1/2010,pH 7.5,RKC,7.501,11.3
9/1/2010,pH 7.5,RKC,7.502,11.3
9/2/2010,pH 7.5,RKC,7.505,11.4
9/2/2010,pH 7.5,RKC,7.508,11.3
9/2/2010,pH 7.5,RKC,7.506,11.3
9/2/2010,pH 7.5,RKC,7.503,11.4
9/2/2010,pH 7.5,RKC,7.503,11.3
9/3/2010,pH 7.5,RKC,7.511,11.4
9/3/2010,pH 7.5,RKC,7.506,11.4
9/3/2010,pH 7.5,RKC,7.504,11.5
9/3/2010,pH 7.5,RKC,7.507,11.5
9/3/2010,pH 7.5,RKC,7.507,11.5
9/4/2010,pH 7.5,RKC,7.523,11.6
9/4/2010,pH 7.5,RKC,7.524,11.6
9/4/2010,pH 7.5,RKC,7.522,11.6
9/4/2010,pH 7.5,RKC,7.524,11.6
9/4/2010,pH 7.5,RKC,7.528,11.7
9/5/2010,pH 7.5,RKC,7.515,11.7
9/5/2010,pH 7.5,RKC,7.521,11.7
9/5/2010,pH 7.5,RKC,7.523,11.8
9/5/2010,pH 7.5,RKC,7.517,11.8
9/5/2010,pH 7.5,RKC,7.521,11.9
9/6/2010,pH 7.5,RKC,7.526,11.8
9/6/2010,pH 7.5,RKC,7.485,11.7
9/6/2010,pH 7.5,RKC,7.502,11.8
9/6/2010,pH 7.5,RKC,7.528,11.8
9/6/2010,pH 7.5,RKC,7.509,11.9
9/7/2010,pH 7.5,RKC,7.516,11.9
9/7/2010,pH 7.5,RKC,7.516,12
9/7/2010,pH 7.5,RKC,7.517,12
9/7/2010,pH 7.5,RKC,7.515,12
9/7/2010,pH 7.5,RKC,7.515,11.9
9/8/2010,pH 7.5,RKC,7.518,11.8
9/8/2010,pH 7.5,RKC,7.500,11.8
9/8/2010,pH 7.5,RKC,7.523,11.8
9/8/2010,pH 7.5,RKC,7.526,11.7
9/8/2010,pH 7.5,RKC,7.521,11.7
9/9/2010,pH 7.5,RKC,7.509,11.6
9/9/2010,pH 7.5,RKC,7.511,11.6
9/9/2010,pH 7.5,RKC,7.508,11.6
9/9/2010,pH 7.5,RKC,7.509,11.6
9/9/2010,pH 7.5,RKC,7.505,11.6
9/10/2010,pH 7.5,RKC,7.510,11.5
9/10/2010,pH 7.5,RKC,7.509,11.5
9/10/2010,pH 7.5,RKC,7.515,11.5
9/10/2010,pH 7.5,RKC,7.507,11.5
9/10/2010,pH 7.5,RKC,7.503,11.6
9/11/2010,pH 7.5,RKC,7.521,11.5
9/11/2010,pH 7.5,RKC,7.522,11.5
9/11/2010,pH 7.5,RKC,7.525,11.5
9/11/2010,pH 7.5,RKC,7.517,11.5
9/11/2010,pH 7.5,RKC,7.518,11.5
9/12/2010,pH 7.5,RKC,7.510,11.5
9/12/2010,pH 7.5,RKC,7.510,11.5
9/12/2010,pH 7.5,RKC,7.513,11.5
9/12/2010,pH 7.5,RKC,7.506,11.5
9/12/2010,pH 7.5,RKC,7.514,11.6
9/13/2010,pH 7.5,RKC,7.505,11.4
9/13/2010,pH 7.5,RKC,7.504,11.4
9/13/2010,pH 7.5,RKC,7.504,11.4
9/13/2010,pH 7.5,RKC,7.504,11.4
9/13/2010,pH 7.5,RKC,7.501,11.5
6/10/2010,pH 7.8,RKC,7.778,8.9
6/10/2010,pH 7.8,RKC,7.760,8.7
6/10/2010,pH 7.8,RKC,7.827,8.6
6/10/2010,pH 7.8,RKC,7.792,8.7
6/10/2010,pH 7.8,RKC,7.782,8.8
6/11/2010,pH 7.8,RKC,7.774,8.6
6/11/2010,pH 7.8,RKC,7.772,8.6
6/11/2010,pH 7.8,RKC,7.773,8.5
6/11/2010,pH 7.8,RKC,7.773,8.6
6/11/2010,pH 7.8,RKC,7.764,8.7
6/12/2010,pH 7.8,RKC,7.846,9.1
6/12/2010,pH 7.8,RKC,7.841,9.9
6/12/2010,pH 7.8,RKC,7.844,9.1
6/12/2010,pH 7.8,RKC,7.838,9.4
6/12/2010,pH 7.8,RKC,7.842,9.2
6/13/2010,pH 7.8,RKC,7.798,9.2
6/13/2010,pH 7.8,RKC,7.799,9.4
6/13/2010,pH 7.8,RKC,7.802,9.7
6/13/2010,pH 7.8,RKC,7.801,9.3
6/13/2010,pH 7.8,RKC,7.801,9.3
6/14/2010,pH 7.8,RKC,7.828,9.5
6/14/2010,pH 7.8,RKC,7.823,9.5
6/14/2010,pH 7.8,RKC,7.826,10.2
6/14/2010,pH 7.8,RKC,7.819,9.7
6/14/2010,pH 7.8,RKC,7.829,9.4
6/15/2010,pH 7.8,RKC,7.759,9.2
6/15/2010,pH 7.8,RKC,7.760,9.1
6/15/2010,pH 7.8,RKC,7.763,9.2
6/15/2010,pH 7.8,RKC,7.762,9.2
6/15/2010,pH 7.8,RKC,7.758,9.2
6/16/2010,pH 7.8,RKC,7.806,9.3
6/16/2010,pH 7.8,RKC,7.805,9.3
6/16/2010,pH 7.8,RKC,7.799,9.3
6/16/2010,pH 7.8,RKC,7.807,9.2
6/16/2010,pH 7.8,RKC,7.806,9.1
6/17/2010,pH 7.8,RKC,7.806,9.1
6/17/2010,pH 7.8,RKC,7.793,9.3
6/17/2010,pH 7.8,RKC,7.788,9.1
6/17/2010,pH 7.8,RKC,7.797,9.0
6/17/2010,pH 7.8,RKC,7.786,9.3
6/18/2010,pH 7.8,RKC,7.782,9.7
6/18/2010,pH 7.8,RKC,7.787,10.1
6/18/2010,pH 7.8,RKC,7.786,9.8
6/18/2010,pH 7.8,RKC,7.791,9.4
6/18/2010,pH 7.8,RKC,7.773,9.6
6/19/2010,pH 7.8,RKC,7.816,9.6
6/19/2010,pH 7.8,RKC,7.819,9.6
6/19/2010,pH 7.8,RKC,7.815,9.8
6/19/2010,pH 7.8,RKC,7.830,9.4
6/19/2010,pH 7.8,RKC,7.831,9.1
6/20/2010,pH 7.8,RKC,7.794,8.9
6/20/2010,pH 7.8,RKC,7.782,8.9
6/20/2010,pH 7.8,RKC,7.797,9.0
6/20/2010,pH 7.8,RKC,7.784,9.2
6/20/2010,pH 7.8,RKC,7.784,8.9
6/21/2010,pH 7.8,RKC,7.791,9.2
6/21/2010,pH 7.8,RKC,7.807,9.2
6/21/2010,pH 7.8,RKC,7.784,9.3
6/21/2010,pH 7.8,RKC,7.795,9.4
6/21/2010,pH 7.8,RKC,7.802,9.3
6/22/2010,pH 7.8,RKC,7.814,9.6
6/22/2010,pH 7.8,RKC,7.810,9.6
6/22/2010,pH 7.8,RKC,7.818,9.6
6/22/2010,pH 7.8,RKC,7.813,10.0
6/22/2010,pH 7.8,RKC,7.809,9.8
6/23/2010,pH 7.8,RKC,7.814,9.4
6/23/2010,pH 7.8,RKC,7.806,9.8
6/23/2010,pH 7.8,RKC,7.815,9.4
6/23/2010,pH 7.8,RKC,7.800,9.5
6/23/2010,pH 7.8,RKC,7.815,9.2
6/24/2010,pH 7.8,RKC,7.807,9.4
6/24/2010,pH 7.8,RKC,7.786,9.5
6/24/2010,pH 7.8,RKC,7.801,9.4
6/24/2010,pH 7.8,RKC,7.798,9.9
6/24/2010,pH 7.8,RKC,7.798,9.8
6/25/2010,pH 7.8,RKC,7.835,9.2
6/25/2010,pH 7.8,RKC,7.843,9.1
6/25/2010,pH 7.8,RKC,7.839,9.2
6/25/2010,pH 7.8,RKC,7.842,9.2
6/25/2010,pH 7.8,RKC,7.836,9.3
6/26/2010,pH 7.8,RKC,7.814,9.6
6/26/2010,pH 7.8,RKC,7.823,9.7
6/26/2010,pH 7.8,RKC,7.818,9.6
6/26/2010,pH 7.8,RKC,7.817,9.6
6/26/2010,pH 7.8,RKC,7.815,9.9
6/27/2010,pH 7.8,RKC,7.809,9.6
6/27/2010,pH 7.8,RKC,7.807,9.6
6/27/2010,pH 7.8,RKC,7.812,9.9
6/27/2010,pH 7.8,RKC,7.806,9.8
6/27/2010,pH 7.8,RKC,7.803,10.1
6/28/2010,pH 7.8,RKC,7.818,9.6
6/28/2010,pH 7.8,RKC,7.817,9.5
6/28/2010,pH 7.8,RKC,7.816,9.8
6/28/2010,pH 7.8,RKC,7.821,9.4
6/28/2010,pH 7.8,RKC,7.816,9.4
6/29/2010,pH 7.8,RKC,7.797,9.6
6/29/2010,pH 7.8,RKC,7.806,9.4
6/29/2010,pH 7.8,RKC,7.787,9.4
6/29/2010,pH 7.8,RKC,7.803,9.4
6/29/2010,pH 7.8,RKC,7.804,9.5
6/30/2010,pH 7.8,RKC,7.786,9.6
6/30/2010,pH 7.8,RKC,7.788,9.5
6/30/2010,pH 7.8,RKC,7.799,9.6
6/30/2010,pH 7.8,RKC,7.794,9.8
6/30/2010,pH 7.8,RKC,7.791,9.6
7/1/2010,pH 7.8,RKC,7.810,9.5
7/1/2010,pH 7.8,RKC,7.791,9.5
7/1/2010,pH 7.8,RKC,7.805,9.7
7/1/2010,pH 7.8,RKC,7.807,9.5
7/1/2010,pH 7.8,RKC,7.797,9.6
7/2/2010,pH 7.8,RKC,7.763,9.6
7/2/2010,pH 7.8,RKC,7.763,9.4
7/2/2010,pH 7.8,RKC,7.764,9.4
7/2/2010,pH 7.8,RKC,7.762,9.4
7/2/2010,pH 7.8,RKC,7.765,9.5
7/3/2010,pH 7.8,RKC,7.795,9.3
7/3/2010,pH 7.8,RKC,7.787,9.4
7/3/2010,pH 7.8,RKC,7.788,9.5
7/3/2010,pH 7.8,RKC,7.795,9.3
7/3/2010,pH 7.8,RKC,7.797,9.3
7/4/2010,pH 7.8,RKC,7.805,9.4
7/4/2010,pH 7.8,RKC,7.804,9.3
7/4/2010,pH 7.8,RKC,7.801,9.5
7/4/2010,pH 7.8,RKC,7.807,9.3
7/4/2010,pH 7.8,RKC,7.805,9.4
7/5/2010,pH 7.8,RKC,7.803,9.3
7/5/2010,pH 7.8,RKC,7.814,9.3
7/5/2010,pH 7.8,RKC,7.802,9.3
7/5/2010,pH 7.8,RKC,7.813,9.5
7/5/2010,pH 7.8,RKC,7.809,9.5
7/6/2010,pH 7.8,RKC,7.819,10.0
7/6/2010,pH 7.8,RKC,7.804,9.8
7/6/2010,pH 7.8,RKC,7.811,9.5
7/6/2010,pH 7.8,RKC,7.817,9.7
7/6/2010,pH 7.8,RKC,7.815,10.0
7/7/2010,pH 7.8,RKC,7.805,9.6
7/7/2010,pH 7.8,RKC,7.821,9.5
7/7/2010,pH 7.8,RKC,7.814,9.7
7/7/2010,pH 7.8,RKC,7.812,9.8
7/7/2010,pH 7.8,RKC,7.804,9.6
7/8/2010,pH 7.8,RKC,7.751,9.6
7/8/2010,pH 7.8,RKC,7.771,9.6
7/8/2010,pH 7.8,RKC,7.752,9.8
7/8/2010,pH 7.8,RKC,7.750,9.9
7/8/2010,pH 7.8,RKC,7.774,9.8
7/9/2010,pH 7.8,RKC,7.803,9.7
7/9/2010,pH 7.8,RKC,7.801,9.7
7/9/2010,pH 7.8,RKC,7.802,9.8
7/9/2010,pH 7.8,RKC,7.799,9.7
7/9/2010,pH 7.8,RKC,7.805,9.8
7/10/2010,pH 7.8,RKC,7.812,9.6
7/10/2010,pH 7.8,RKC,7.810,9.6
7/10/2010,pH 7.8,RKC,7.809,9.7
7/10/2010,pH 7.8,RKC,7.809,9.7
7/10/2010,pH 7.8,RKC,7.810,9.4
7/11/2010,pH 7.8,RKC,7.834,9.6
7/11/2010,pH 7.8,RKC,7.834,9.5
7/11/2010,pH 7.8,RKC,7.835,9.6
7/11/2010,pH 7.8,RKC,7.837,9.8
7/11/2010,pH 7.8,RKC,7.838,9.5
7/12/2010,pH 7.8,RKC,7.847,9.8
7/12/2010,pH 7.8,RKC,7.849,9.7
7/12/2010,pH 7.8,RKC,7.841,9.9
7/12/2010,pH 7.8,RKC,7.840,10.0
7/12/2010,pH 7.8,RKC,7.842,9.9
7/13/2010,pH 7.8,RKC,7.847,10.0
7/13/2010,pH 7.8,RKC,7.847,9.9
7/13/2010,pH 7.8,RKC,7.847,9.8
7/13/2010,pH 7.8,RKC,7.843,10.1
7/13/2010,pH 7.8,RKC,7.843,10.1
7/14/2010,pH 7.8,RKC,7.700,10.1
7/14/2010,pH 7.8,RKC,7.691,9.8
7/14/2010,pH 7.8,RKC,7.691,9.9
7/14/2010,pH 7.8,RKC,7.689,9.9
7/14/2010,pH 7.8,RKC,7.689,9.9
7/15/2010,pH 7.8,RKC,7.789,9.8
7/15/2010,pH 7.8,RKC,7.788,10.1
7/15/2010,pH 7.8,RKC,7.787,10.3
7/15/2010,pH 7.8,RKC,7.788,10.3
7/15/2010,pH 7.8,RKC,7.790,10.0
7/16/2010,pH 7.8,RKC,7.780,10.5
7/16/2010,pH 7.8,RKC,7.784,10.2
7/16/2010,pH 7.8,RKC,7.785,10.1
7/16/2010,pH 7.8,RKC,7.782,10.2
7/16/2010,pH 7.8,RKC,7.785,10.0
7/17/2010,pH 7.8,RKC,7.762,10.6
7/17/2010,pH 7.8,RKC,7.776,10.5
7/17/2010,pH 7.8,RKC,7.761,10.5
7/17/2010,pH 7.8,RKC,7.767,10.6
7/17/2010,pH 7.8,RKC,7.759,10.5
7/18/2010,pH 7.8,RKC,7.773,10.4
7/18/2010,pH 7.8,RKC,7.783,10.3
7/18/2010,pH 7.8,RKC,7.777,10.3
7/18/2010,pH 7.8,RKC,7.784,10.3
7/18/2010,pH 7.8,RKC,7.781,10.4
7/19/2010,pH 7.8,RKC,7.794,10.5
7/19/2010,pH 7.8,RKC,7.793,10.3
7/19/2010,pH 7.8,RKC,7.791,10.3
7/19/2010,pH 7.8,RKC,7.792,10.5
7/19/2010,pH 7.8,RKC,7.781,10.7
7/20/2010,pH 7.8,RKC,7.795,10.7
7/20/2010,pH 7.8,RKC,7.793,10.5
7/20/2010,pH 7.8,RKC,7.791,10.4
7/20/2010,pH 7.8,RKC,7.790,10.6
7/20/2010,pH 7.8,RKC,7.782,10.7
7/21/2010,pH 7.8,RKC,7.794,10.5
7/21/2010,pH 7.8,RKC,7.785,10.4
7/21/2010,pH 7.8,RKC,7.786,10.6
7/21/2010,pH 7.8,RKC,7.784,10.6
7/21/2010,pH 7.8,RKC,7.783,10.6
7/22/2010,pH 7.8,RKC,7.809,10.5
7/22/2010,pH 7.8,RKC,7.805,10.4
7/22/2010,pH 7.8,RKC,7.808,10.5
7/22/2010,pH 7.8,RKC,7.802,10.6
7/22/2010,pH 7.8,RKC,7.807,11.0
7/23/2010,pH 7.8,RKC,7.816,10.6
7/23/2010,pH 7.8,RKC,7.814,10.5
7/23/2010,pH 7.8,RKC,7.812,10.5
7/23/2010,pH 7.8,RKC,7.812,10.6
7/23/2010,pH 7.8,RKC,7.811,10.4
7/24/2010,pH 7.8,RKC,7.767,10.8
7/24/2010,pH 7.8,RKC,7.775,11.1
7/24/2010,pH 7.8,RKC,7.774,11.2
7/24/2010,pH 7.8,RKC,7.745,11.8
7/24/2010,pH 7.8,RKC,7.782,10.8
7/25/2010,pH 7.8,RKC,7.824,10.5
7/25/2010,pH 7.8,RKC,7.823,10.4
7/25/2010,pH 7.8,RKC,7.824,10.4
7/25/2010,pH 7.8,RKC,7.816,10.6
7/25/2010,pH 7.8,RKC,7.815,10.5
7/26/2010,pH 7.8,RKC,7.814,10.4
7/26/2010,pH 7.8,RKC,7.808,10.4
7/26/2010,pH 7.8,RKC,7.810,10.5
7/26/2010,pH 7.8,RKC,7.808,10.5
7/26/2010,pH 7.8,RKC,7.806,10.5
7/27/2010,pH 7.8,RKC,7.818,10.8
7/27/2010,pH 7.8,RKC,7.818,10.7
7/27/2010,pH 7.8,RKC,7.813,10.8
7/27/2010,pH 7.8,RKC,7.813,10.7
7/27/2010,pH 7.8,RKC,7.813,10.8
7/28/2010,pH 7.8,RKC,7.807,10.8
7/28/2010,pH 7.8,RKC,7.806,10.6
7/28/2010,pH 7.8,RKC,7.807,10.5
7/28/2010,pH 7.8,RKC,7.805,10.7
7/28/2010,pH 7.8,RKC,7.804,10.6
7/29/2010,pH 7.8,RKC,7.784,10.7
7/29/2010,pH 7.8,RKC,7.782,10.8
7/29/2010,pH 7.8,RKC,7.779,10.9
7/29/2010,pH 7.8,RKC,7.781,10.8
7/29/2010,pH 7.8,RKC,7.781,10.8
7/30/2010,pH 7.8,RKC,7.794,10.7
7/30/2010,pH 7.8,RKC,7.796,10.7
7/30/2010,pH 7.8,RKC,7.795,10.6
7/30/2010,pH 7.8,RKC,7.794,10.6
7/30/2010,pH 7.8,RKC,7.785,10.7
7/31/2010,pH 7.8,RKC,7.796,10.6
7/31/2010,pH 7.8,RKC,7.792,10.6
7/31/2010,pH 7.8,RKC,7.790,10.7
7/31/2010,pH 7.8,RKC,7.792,10.8
7/31/2010,pH 7.8,RKC,7.792,10.7
8/1/2010,pH 7.8,RKC,7.814,10.4
8/1/2010,pH 7.8,RKC,7.820,10.3
8/1/2010,pH 7.8,RKC,7.822,10.3
8/1/2010,pH 7.8,RKC,7.825,10.3
8/1/2010,pH 7.8,RKC,7.823,10.3
8/2/2010,pH 7.8,RKC,7.777,10.2
8/2/2010,pH 7.8,RKC,7.780,10.3
8/2/2010,pH 7.8,RKC,7.779,10.3
8/2/2010,pH 7.8,RKC,7.782,10.5
8/2/2010,pH 7.8,RKC,7.772,10.2
8/3/2010,pH 7.8,RKC,7.821,10.5
8/3/2010,pH 7.8,RKC,7.819,10.5
8/3/2010,pH 7.8,RKC,7.819,10.4
8/3/2010,pH 7.8,RKC,7.825,10.3
8/3/2010,pH 7.8,RKC,7.824,10.4
8/4/2010,pH 7.8,RKC,7.805,10.5
8/4/2010,pH 7.8,RKC,7.803,10.3
8/4/2010,pH 7.8,RKC,7.801,10.3
8/4/2010,pH 7.8,RKC,7.798,10.5
8/4/2010,pH 7.8,RKC,7.794,10.6
8/5/2010,pH 7.8,RKC,7.756,10.4
8/5/2010,pH 7.8,RKC,7.753,10.6
8/5/2010,pH 7.8,RKC,7.754,10.5
8/5/2010,pH 7.8,RKC,7.751,10.7
8/5/2010,pH 7.8,RKC,7.749,10.5
8/6/2010,pH 7.8,RKC,7.836,10.5
8/6/2010,pH 7.8,RKC,7.834,10.5
8/6/2010,pH 7.8,RKC,7.833,10.6
8/6/2010,pH 7.8,RKC,7.832,10.8
8/6/2010,pH 7.8,RKC,7.831,10.6
8/7/2010,pH 7.8,RKC,7.810,10.8
8/7/2010,pH 7.8,RKC,7.810,10.6
8/7/2010,pH 7.8,RKC,7.817,10.6
8/7/2010,pH 7.8,RKC,7.811,10.7
8/7/2010,pH 7.8,RKC,7.811,10.7
8/8/2010,pH 7.8,RKC,7.788,10.6
8/8/2010,pH 7.8,RKC,7.786,10.7
8/8/2010,pH 7.8,RKC,7.789,10.6
8/8/2010,pH 7.8,RKC,7.787,10.7
8/8/2010,pH 7.8,RKC,7.787,10.7
8/9/2010,pH 7.8,RKC,7.812,10.7
8/9/2010,pH 7.8,RKC,7.814,10.9
8/9/2010,pH 7.8,RKC,7.808,10.9
8/9/2010,pH 7.8,RKC,7.800,10.9
8/9/2010,pH 7.8,RKC,7.806,10.9
8/10/2010,pH 7.8,RKC,7.826,10.8
8/10/2010,pH 7.8,RKC,7.822,10.8
8/10/2010,pH 7.8,RKC,7.829,10.9
8/10/2010,pH 7.8,RKC,7.829,10.8
8/10/2010,pH 7.8,RKC,7.828,11.0
8/11/2010,pH 7.8,RKC,7.815,10.9
8/11/2010,pH 7.8,RKC,7.821,11.1
8/11/2010,pH 7.8,RKC,7.816,11.2
8/11/2010,pH 7.8,RKC,7.816,11.1
8/11/2010,pH 7.8,RKC,7.814,11.3
8/12/2010,pH 7.8,RKC,7.802,11.4
8/12/2010,pH 7.8,RKC,7.785,11.0
8/12/2010,pH 7.8,RKC,7.783,11.2
8/12/2010,pH 7.8,RKC,7.784,11.0
8/12/2010,pH 7.8,RKC,7.787,11.3
8/13/2010,pH 7.8,RKC,7.774,11.1
8/13/2010,pH 7.8,RKC,7.777,11.0
8/13/2010,pH 7.8,RKC,7.783,11.2
8/13/2010,pH 7.8,RKC,7.776,11.1
8/13/2010,pH 7.8,RKC,7.778,11.1
8/14/2010,pH 7.8,RKC,7.825,11.3
8/14/2010,pH 7.8,RKC,7.822,11.5
8/14/2010,pH 7.8,RKC,7.821,11.4
8/14/2010,pH 7.8,RKC,7.822,11.5
8/14/2010,pH 7.8,RKC,7.818,11.2
8/15/2010,pH 7.8,RKC,7.780,10.7
8/15/2010,pH 7.8,RKC,7.807,10.8
8/15/2010,pH 7.8,RKC,7.794,10.7
8/15/2010,pH 7.8,RKC,7.788,10.7
8/15/2010,pH 7.8,RKC,7.785,10.8
8/16/2010,pH 7.8,RKC,7.789,10.7
8/16/2010,pH 7.8,RKC,7.794,10.7
8/16/2010,pH 7.8,RKC,7.793,10.7
8/16/2010,pH 7.8,RKC,7.792,10.8
8/16/2010,pH 7.8,RKC,7.791,10.8
8/17/2010,pH 7.8,RKC,7.777,10.7
8/17/2010,pH 7.8,RKC,7.772,10.7
8/17/2010,pH 7.8,RKC,7.770,10.7
8/17/2010,pH 7.8,RKC,7.775,10.6
8/17/2010,pH 7.8,RKC,7.775,10.6
8/18/2010,pH 7.8,RKC,7.790,10.6
8/18/2010,pH 7.8,RKC,7.798,10.4
8/18/2010,pH 7.8,RKC,7.799,10.4
8/18/2010,pH 7.8,RKC,7.798,10.4
8/18/2010,pH 7.8,RKC,7.796,10.6
8/19/2010,pH 7.8,RKC,7.794,10.7
8/19/2010,pH 7.8,RKC,7.795,10.7
8/19/2010,pH 7.8,RKC,7.795,10.8
8/19/2010,pH 7.8,RKC,7.797,10.6
8/19/2010,pH 7.8,RKC,7.800,10.6
8/20/2010,pH 7.8,RKC,7.812,10.7
8/20/2010,pH 7.8,RKC,7.804,10.7
8/20/2010,pH 7.8,RKC,7.812,10.7
8/20/2010,pH 7.8,RKC,7.806,10.7
8/20/2010,pH 7.8,RKC,7.801,10.8
8/21/2010,pH 7.8,RKC,7.782,10.9
8/21/2010,pH 7.8,RKC,7.783,10.9
8/21/2010,pH 7.8,RKC,7.781,11.0
8/21/2010,pH 7.8,RKC,7.783,10.9
8/21/2010,pH 7.8,RKC,7.784,10.9
8/22/2010,pH 7.8,RKC,7.794,11.0
8/22/2010,pH 7.8,RKC,7.793,11.0
8/22/2010,pH 7.8,RKC,7.794,11.0
8/22/2010,pH 7.8,RKC,7.792,11.1
8/22/2010,pH 7.8,RKC,7.795,11.0
8/23/2010,pH 7.8,RKC,7.804,10.9
8/23/2010,pH 7.8,RKC,7.807,10.9
8/23/2010,pH 7.8,RKC,7.806,10.9
8/23/2010,pH 7.8,RKC,7.799,10.9
8/23/2010,pH 7.8,RKC,7.802,10.9
8/24/2010,pH 7.8,RKC,7.807,11.2
8/24/2010,pH 7.8,RKC,7.797,11.3
8/24/2010,pH 7.8,RKC,7.807,11.2
8/24/2010,pH 7.8,RKC,7.804,11.2
8/24/2010,pH 7.8,RKC,7.801,11.3
8/25/2010,pH 7.8,RKC,8.012,11.3
8/25/2010,pH 7.8,RKC,8.020,11.2
8/25/2010,pH 7.8,RKC,8.015,11.3
8/25/2010,pH 7.8,RKC,8.018,11.2
8/25/2010,pH 7.8,RKC,8.010,11.2
8/26/2010,pH 7.8,RKC,7.819,11.3
8/26/2010,pH 7.8,RKC,7.819,11.3
8/26/2010,pH 7.8,RKC,7.808,11.4
8/26/2010,pH 7.8,RKC,7.809,11.4
8/26/2010,pH 7.8,RKC,7.809,11.4
8/27/2010,pH 7.8,RKC,7.792,11.4
8/27/2010,pH 7.8,RKC,7.792,11.4
8/27/2010,pH 7.8,RKC,7.793,11.3
8/27/2010,pH 7.8,RKC,7.792,11.4
8/27/2010,pH 7.8,RKC,7.789,11.4
8/28/2010,pH 7.8,RKC,7.808,11.3
8/28/2010,pH 7.8,RKC,7.808,11.4
8/28/2010,pH 7.8,RKC,7.807,11.3
8/28/2010,pH 7.8,RKC,7.805,11.4
8/28/2010,pH 7.8,RKC,7.805,11.5
8/29/2010,pH 7.8,RKC,7.793,11.4
8/29/2010,pH 7.8,RKC,7.796,11.3
8/29/2010,pH 7.8,RKC,7.802,11.2
8/29/2010,pH 7.8,RKC,7.802,11.2
8/29/2010,pH 7.8,RKC,7.802,11.3
8/30/2010,pH 7.8,RKC,7.822,11.1
8/30/2010,pH 7.8,RKC,7.822,11.1
8/30/2010,pH 7.8,RKC,7.823,11
8/30/2010,pH 7.8,RKC,7.824,11
8/30/2010,pH 7.8,RKC,7.822,11.1
8/31/2010,pH 7.8,RKC,7.797,11.1
8/31/2010,pH 7.8,RKC,7.79,11.2
8/31/2010,pH 7.8,RKC,7.791,11.1
8/31/2010,pH 7.8,RKC,7.791,11.1
8/31/2010,pH 7.8,RKC,7.794,11.2
9/1/2010,pH 7.8,RKC,7.81,11.2
9/1/2010,pH 7.8,RKC,7.802,11.3
9/1/2010,pH 7.8,RKC,7.805,11.2
9/1/2010,pH 7.8,RKC,7.802,11.3
9/1/2010,pH 7.8,RKC,7.806,11.3
9/2/2010,pH 7.8,RKC,7.807,11.4
9/2/2010,pH 7.8,RKC,7.81,11.4
9/2/2010,pH 7.8,RKC,7.807,11.3
9/2/2010,pH 7.8,RKC,7.809,11.3
9/2/2010,pH 7.8,RKC,7.806,11.4
9/3/2010,pH 7.8,RKC,7.809,11.4
9/3/2010,pH 7.8,RKC,7.805,11.5
9/3/2010,pH 7.8,RKC,7.802,11.5
9/3/2010,pH 7.8,RKC,7.801,11.5
9/3/2010,pH 7.8,RKC,7.811,11.4
9/4/2010,pH 7.8,RKC,7.815,11.6
9/4/2010,pH 7.8,RKC,7.817,11.5
9/4/2010,pH 7.8,RKC,7.813,11.6
9/4/2010,pH 7.8,RKC,7.817,11.6
9/4/2010,pH 7.8,RKC,7.817,11.6
9/5/2010,pH 7.8,RKC,7.815,11.8
9/5/2010,pH 7.8,RKC,7.818,11.7
9/5/2010,pH 7.8,RKC,7.815,11.7
9/5/2010,pH 7.8,RKC,7.817,11.8
9/5/2010,pH 7.8,RKC,7.817,11.7
9/6/2010,pH 7.8,RKC,7.795,11.8
9/6/2010,pH 7.8,RKC,7.795,11.8
9/6/2010,pH 7.8,RKC,7.79,11.9
9/6/2010,pH 7.8,RKC,7.793,11.8
9/6/2010,pH 7.8,RKC,7.794,11.8
9/7/2010,pH 7.8,RKC,7.78,11.9
9/7/2010,pH 7.8,RKC,7.76,12
9/7/2010,pH 7.8,RKC,7.767,12
9/7/2010,pH 7.8,RKC,7.769,12
9/7/2010,pH 7.8,RKC,7.772,12
9/8/2010,pH 7.8,RKC,7.801,11.7
9/8/2010,pH 7.8,RKC,7.797,11.7
9/8/2010,pH 7.8,RKC,7.799,11.7
9/8/2010,pH 7.8,RKC,7.799,11.7
9/8/2010,pH 7.8,RKC,7.800,11.8
9/9/2010,pH 7.8,RKC,7.806,11.5
9/9/2010,pH 7.8,RKC,7.795,11.6
9/9/2010,pH 7.8,RKC,7.796,11.6
9/9/2010,pH 7.8,RKC,7.796,11.7
9/9/2010,pH 7.8,RKC,7.800,11.5
9/10/2010,pH 7.8,RKC,7.801,11.5
9/10/2010,pH 7.8,RKC,7.800,11.6
9/10/2010,pH 7.8,RKC,7.797,11.6
9/10/2010,pH 7.8,RKC,7.800,11.6
9/10/2010,pH 7.8,RKC,7.803,11.5
9/11/2010,pH 7.8,RKC,7.812,11.5
9/11/2010,pH 7.8,RKC,7.811,11.5
9/11/2010,pH 7.8,RKC,7.815,11.5
9/11/2010,pH 7.8,RKC,7.812,11.5
9/11/2010,pH 7.8,RKC,7.806,11.5
9/12/2010,pH 7.8,RKC,7.801,11.7
9/12/2010,pH 7.8,RKC,7.814,11.6
9/12/2010,pH 7.8,RKC,7.811,11.8
9/12/2010,pH 7.8,RKC,7.807,11.5
9/12/2010,pH 7.8,RKC,7.816,11.4
9/13/2010,pH 7.8,RKC,7.814,11.4
9/13/2010,pH 7.8,RKC,7.815,11.4
9/13/2010,pH 7.8,RKC,7.803,11.5
9/13/2010,pH 7.8,RKC,7.806,11.5
9/13/2010,pH 7.8,RKC,7.805,11.4
9/14/2010,pH 7.8,RKC,7.809,11.3
9/14/2010,pH 7.8,RKC,7.806,11.3
9/14/2010,pH 7.8,RKC,7.804,11.3
9/14/2010,pH 7.8,RKC,7.808,11.3
9/14/2010,pH 7.8,RKC,7.799,11.4
9/15/2010,pH 7.8,RKC,7.802,11.3
9/15/2010,pH 7.8,RKC,7.802,11.2
9/15/2010,pH 7.8,RKC,7.801,11.2
9/15/2010,pH 7.8,RKC,7.801,11.3
9/15/2010,pH 7.8,RKC,7.798,11.3
9/16/2010,pH 7.8,RKC,7.815,11.3
9/16/2010,pH 7.8,RKC,7.809,11.4
9/16/2010,pH 7.8,RKC,7.807,11.4
9/16/2010,pH 7.8,RKC,7.808,11.4
9/16/2010,pH 7.8,RKC,7.809,11.4
9/17/2010,pH 7.8,RKC,7.807,11.4
9/17/2010,pH 7.8,RKC,7.803,11.4
9/17/2010,pH 7.8,RKC,7.808,11.4
9/17/2010,pH 7.8,RKC,7.801,11.4
9/17/2010,pH 7.8,RKC,7.801,11.4
9/18/2010,pH 7.8,RKC,7.814,11.4
9/18/2010,pH 7.8,RKC,7.819,11.4
9/18/2010,pH 7.8,RKC,7.814,11.4
9/18/2010,pH 7.8,RKC,7.818,11.4
9/18/2010,pH 7.8,RKC,7.822,11.4
9/19/2010,pH 7.8,RKC,7.804,11.3
9/19/2010,pH 7.8,RKC,7.805,11.4
9/19/2010,pH 7.8,RKC,7.804,11.4
9/19/2010,pH 7.8,RKC,7.807,11.3
9/19/2010,pH 7.8,RKC,7.809,11.3
9/20/2010,pH 7.8,RKC,7.814,11.3
9/20/2010,pH 7.8,RKC,7.811,11.4
9/20/2010,pH 7.8,RKC,7.810,11.4
9/20/2010,pH 7.8,RKC,7.807,11.4
9/20/2010,pH 7.8,RKC,7.808,11.4
9/21/2010,pH 7.8,RKC,7.803,11.4
9/21/2010,pH 7.8,RKC,7.802,11.4
9/21/2010,pH 7.8,RKC,7.805,11.3
9/21/2010,pH 7.8,RKC,7.802,11.4
9/21/2010,pH 7.8,RKC,7.799,11.4
9/22/2010,pH 7.8,RKC,7.804,11.3
9/22/2010,pH 7.8,RKC,7.800,11.3
9/22/2010,pH 7.8,RKC,7.801,11.3
9/22/2010,pH 7.8,RKC,7.800,11.3
9/22/2010,pH 7.8,RKC,7.799,11.3
9/23/2010,pH 7.8,RKC,7.806,11.2
9/23/2010,pH 7.8,RKC,7.798,11.2
9/23/2010,pH 7.8,RKC,7.797,11.2
9/23/2010,pH 7.8,RKC,7.795,11.3
9/23/2010,pH 7.8,RKC,7.796,11.3
9/24/2010,pH 7.8,RKC,7.805,11.1
9/24/2010,pH 7.8,RKC,7.802,11.1
9/24/2010,pH 7.8,RKC,7.801,11.1
9/24/2010,pH 7.8,RKC,7.804,11.0
9/24/2010,pH 7.8,RKC,7.798,11.1
9/25/2010,pH 7.8,RKC,7.787,10.7
9/25/2010,pH 7.8,RKC,7.792,10.7
9/25/2010,pH 7.8,RKC,7.820,10.7
9/25/2010,pH 7.8,RKC,7.799,10.8
9/25/2010,pH 7.8,RKC,7.793,10.7
9/26/2010,pH 7.8,RKC,7.789,10.8
9/26/2010,pH 7.8,RKC,7.812,10.7
9/26/2010,pH 7.8,RKC,7.801,10.7
9/26/2010,pH 7.8,RKC,7.809,10.6
9/26/2010,pH 7.8,RKC,7.803,10.6
9/27/2010,pH 7.8,RKC,7.794,10.4
9/27/2010,pH 7.8,RKC,7.795,10.4
9/27/2010,pH 7.8,RKC,7.795,10.5
9/27/2010,pH 7.8,RKC,7.807,10.4
9/27/2010,pH 7.8,RKC,7.795,10.4
9/28/2010,pH 7.8,RKC,7.794,10.5
9/28/2010,pH 7.8,RKC,7.797,10.5
9/28/2010,pH 7.8,RKC,7.801,10.4
9/28/2010,pH 7.8,RKC,7.792,10.5
9/28/2010,pH 7.8,RKC,7.793,10.5
9/29/2010,pH 7.8,RKC,7.796,10.5
9/29/2010,pH 7.8,RKC,7.798,10.4
9/29/2010,pH 7.8,RKC,7.798,10.4
9/29/2010,pH 7.8,RKC,7.799,10.4
9/29/2010,pH 7.8,RKC,7.796,10.6
9/30/2010,pH 7.8,RKC,7.800,10.5
9/30/2010,pH 7.8,RKC,7.804,10.4
9/30/2010,pH 7.8,RKC,7.805,10.3
9/30/2010,pH 7.8,RKC,7.805,10.3
9/30/2010,pH 7.8,RKC,7.806,10.4
10/1/2010,pH 7.8,RKC,7.813,10.4
10/1/2010,pH 7.8,RKC,7.819,10.4
10/1/2010,pH 7.8,RKC,7.815,10.4
10/1/2010,pH 7.8,RKC,7.819,10.4
10/1/2010,pH 7.8,RKC,7.813,10.4
10/2/2010,pH 7.8,RKC,7.809,10.3
10/2/2010,pH 7.8,RKC,7.817,10.3
10/2/2010,pH 7.8,RKC,7.809,10.3
10/2/2010,pH 7.8,RKC,7.806,10.3
10/2/2010,pH 7.8,RKC,7.816,10.2
10/3/2010,pH 7.8,RKC,7.821,10.1
10/3/2010,pH 7.8,RKC,7.816,10.1
10/3/2010,pH 7.8,RKC,7.815,10.1
10/3/2010,pH 7.8,RKC,7.816,10.1
10/3/2010,pH 7.8,RKC,7.832,10.0
10/4/2010,pH 7.8,RKC,7.805,10.1
10/4/2010,pH 7.8,RKC,7.814,10.1
10/4/2010,pH 7.8,RKC,7.803,10.2
10/4/2010,pH 7.8,RKC,7.814,10.2
10/4/2010,pH 7.8,RKC,7.825,10.0
10/5/2010,pH 7.8,RKC,7.802,10.1
10/5/2010,pH 7.8,RKC,7.809,10.1
10/5/2010,pH 7.8,RKC,7.799,10.1
10/5/2010,pH 7.8,RKC,7.800,10.1
10/5/2010,pH 7.8,RKC,7.799,10.1
10/6/2010,pH 7.8,RKC,7.806,10.0
10/6/2010,pH 7.8,RKC,7.806,10.0
10/6/2010,pH 7.8,RKC,7.801,10.0
10/6/2010,pH 7.8,RKC,7.803,10.1
10/6/2010,pH 7.8,RKC,7.800,10.1
10/7/2010,pH 7.8,RKC,7.815,9.8
10/7/2010,pH 7.8,RKC,7.805,9.8
10/7/2010,pH 7.8,RKC,7.804,9.8
10/7/2010,pH 7.8,RKC,7.806,9.9
10/7/2010,pH 7.8,RKC,7.816,9.8
10/8/2010,pH 7.8,RKC,7.795,9.9
10/8/2010,pH 7.8,RKC,7.803,9.8
10/8/2010,pH 7.8,RKC,7.809,9.8
10/8/2010,pH 7.8,RKC,7.804,9.8
10/8/2010,pH 7.8,RKC,7.807,9.7
10/9/2010,pH 7.8,RKC,7.812,9.6
10/9/2010,pH 7.8,RKC,7.811,9.5
10/9/2010,pH 7.8,RKC,7.815,9.5
10/9/2010,pH 7.8,RKC,7.822,9.6
10/9/2010,pH 7.8,RKC,7.807,9.6
10/10/10,pH 7.8,RKC,7.812,9.4
10/10/10,pH 7.8,RKC,7.817,9.5
10/10/10,pH 7.8,RKC,7.814,9.4
10/10/10,pH 7.8,RKC,7.812,9.4
10/10/10,pH 7.8,RKC,7.807,9.5
10/11/10,pH 7.8,RKC,7.838,9.2
10/11/10,pH 7.8,RKC,7.832,9.2
10/11/10,pH 7.8,RKC,7.828,9.3
10/11/10,pH 7.8,RKC,7.811,9.4
10/11/10,pH 7.8,RKC,7.825,9.3
10/12/10,pH 7.8,RKC,7.796,9.2
10/12/10,pH 7.8,RKC,7.787,9.2
10/12/10,pH 7.8,RKC,7.794,9.2
10/12/10,pH 7.8,RKC,7.794,9.2
10/12/10,pH 7.8,RKC,7.789,9.2
10/13/10,pH 7.8,RKC,7.791,9
10/13/10,pH 7.8,RKC,7.788,9
10/13/10,pH 7.8,RKC,7.787,9
10/13/10,pH 7.8,RKC,7.788,9
10/13/10,pH 7.8,RKC,7.801,8.9
10/14/10,pH 7.8,RKC,7.787,8.9
10/14/10,pH 7.8,RKC,7.806,8.8
10/14/10,pH 7.8,RKC,7.790,8.8
10/14/10,pH 7.8,RKC,7.790,8.9
10/14/10,pH 7.8,RKC,7.793,8.8
10/15/10,pH 7.8,RKC,7.803,8.8
10/15/10,pH 7.8,RKC,7.792,8.8
10/15/10,pH 7.8,RKC,7.799,8.8
10/15/10,pH 7.8,RKC,7.795,8.8
10/15/10,pH 7.8,RKC,7.801,8.8
10/16/10,pH 7.8,RKC,7.824,8.8
10/16/10,pH 7.8,RKC,7.828,8.7
10/16/10,pH 7.8,RKC,7.818,8.9
10/16/10,pH 7.8,RKC,7.830,8.7
10/16/10,pH 7.8,RKC,7.827,8.6
10/17/10,pH 7.8,RKC,7.782,8.8
10/17/10,pH 7.8,RKC,7.802,8.6
10/17/10,pH 7.8,RKC,7.799,8.7
10/17/10,pH 7.8,RKC,7.807,8.6
10/17/10,pH 7.8,RKC,7.802,8.6
10/18/10,pH 7.8,RKC,7.808,8.7
10/18/10,pH 7.8,RKC,7.802,8.7
10/18/10,pH 7.8,RKC,7.790,8.8
10/18/10,pH 7.8,RKC,7.791,8.8
10/18/10,pH 7.8,RKC,7.790,8.7
10/19/10,pH 7.8,RKC,7.793,8.8
10/19/10,pH 7.8,RKC,7.796,8.8
10/19/10,pH 7.8,RKC,7.793,8.8
10/19/10,pH 7.8,RKC,7.811,8.7
10/19/10,pH 7.8,RKC,7.802,8.8
10/20/10,pH 7.8,RKC,7.798,8.9
10/20/10,pH 7.8,RKC,7.809,8.7
10/20/10,pH 7.8,RKC,7.795,8.8
10/20/10,pH 7.8,RKC,7.799,8.9
10/20/10,pH 7.8,RKC,7.799,8.8
10/21/10,pH 7.8,RKC,7.795,8.8
10/21/10,pH 7.8,RKC,7.795,8.8
10/21/10,pH 7.8,RKC,7.794,8.8
10/21/10,pH 7.8,RKC,7.792,8.7
10/21/10,pH 7.8,RKC,7.797,8.8
10/22/10,pH 7.8,RKC,7.794,8.6
10/22/10,pH 7.8,RKC,7.790,8.7
10/22/10,pH 7.8,RKC,7.797,8.7
10/22/10,pH 7.8,RKC,7.813,8.6
10/22/10,pH 7.8,RKC,7.793,8.7
10/23/10,pH 7.8,RKC,7.822,8.6
10/23/10,pH 7.8,RKC,7.827,8.6
10/23/10,pH 7.8,RKC,7.823,8.6
10/23/10,pH 7.8,RKC,7.820,8.6
10/23/10,pH 7.8,RKC,7.833,8.5
10/24/10,pH 7.8,RKC,7.797,8.6
10/24/10,pH 7.8,RKC,7.807,8.5
10/24/10,pH 7.8,RKC,7.818,8.5
10/24/10,pH 7.8,RKC,7.816,8.5
10/24/10,pH 7.8,RKC,7.820,8.4
10/25/10,pH 7.8,RKC,7.797,8.4
10/25/10,pH 7.8,RKC,7.786,8.5
10/25/10,pH 7.8,RKC,7.787,8.5
10/25/10,pH 7.8,RKC,7.799,8.4
10/25/10,pH 7.8,RKC,7.796,8.4
10/26/10,pH 7.8,RKC,7.792,8.4
10/26/10,pH 7.8,RKC,7.804,8.2
10/26/10,pH 7.8,RKC,7.801,8.3
10/26/10,pH 7.8,RKC,7.803,8.4
10/26/10,pH 7.8,RKC,7.780,8.4
10/27/10,pH 7.8,RKC,7.797,8.3
10/27/10,pH 7.8,RKC,7.783,8.3
10/27/10,pH 7.8,RKC,7.783,8.4
10/27/10,pH 7.8,RKC,7.792,8.3
10/27/10,pH 7.8,RKC,7.780,8.3
10/28/10,pH 7.8,RKC,7.940,8.0
10/28/10,pH 7.8,RKC,7.939,8.0
10/28/10,pH 7.8,RKC,7.943,8.0
10/28/10,pH 7.8,RKC,7.946,8.0
10/28/10,pH 7.8,RKC,7.941,8.0
10/29/10,pH 7.8,RKC,7.786,7.9
10/29/10,pH 7.8,RKC,7.785,7.9
10/29/10,pH 7.8,RKC,7.785,7.9
10/29/10,pH 7.8,RKC,7.780,8.0
10/29/10,pH 7.8,RKC,7.788,8.0
10/30/10,pH 7.8,RKC,7.814,7.8
10/30/10,pH 7.8,RKC,7.812,7.8
10/30/10,pH 7.8,RKC,7.808,7.8
10/30/10,pH 7.8,RKC,7.819,7.8
10/30/10,pH 7.8,RKC,7.812,7.8
10/31/10,pH 7.8,RKC,7.790,7.8
10/31/10,pH 7.8,RKC,7.786,7.7
10/31/10,pH 7.8,RKC,7.795,7.8
10/31/10,pH 7.8,RKC,7.787,7.8
10/31/10,pH 7.8,RKC,7.798,7.8
11/1/10,pH 7.8,RKC,7.783,7.7
11/1/10,pH 7.8,RKC,7.782,7.7
11/1/10,pH 7.8,RKC,7.786,7.7
11/1/10,pH 7.8,RKC,7.786,7.8
11/1/10,pH 7.8,RKC,7.775,7.8
11/2/10,pH 7.8,RKC,7.780,7.6
11/2/10,pH 7.8,RKC,7.770,7.6
11/2/10,pH 7.8,RKC,7.787,7.6
11/2/10,pH 7.8,RKC,7.769,7.6
11/2/10,pH 7.8,RKC,7.776,7.7
11/3/10,pH 7.8,RKC,7.775,7.7
11/3/10,pH 7.8,RKC,7.773,7.6
11/3/10,pH 7.8,RKC,7.782,7.6
11/3/10,pH 7.8,RKC,7.780,7.6
11/3/10,pH 7.8,RKC,7.776,7.7
11/4/10,pH 7.8,RKC,7.789,7.4
11/4/10,pH 7.8,RKC,7.786,7.5
11/4/10,pH 7.8,RKC,7.787,7.4
11/4/10,pH 7.8,RKC,7.783,7.4
11/4/10,pH 7.8,RKC,7.787,7.5
11/5/10,pH 7.8,RKC,7.794,7.4
11/5/10,pH 7.8,RKC,7.794,7.5
11/5/10,pH 7.8,RKC,7.788,7.4
11/5/10,pH 7.8,RKC,7.780,7.4
11/5/10,pH 7.8,RKC,7.782,7.4
11/6/10,pH 7.8,RKC,7.800,7.3
11/6/10,pH 7.8,RKC,7.803,7.1
11/6/10,pH 7.8,RKC,7.803,7.1
11/6/10,pH 7.8,RKC,7.793,7.3
11/6/10,pH 7.8,RKC,7.806,7.2
11/7/10,pH 7.8,RKC,7.782,7.0
11/7/10,pH 7.8,RKC,7.818,6.8
11/7/10,pH 7.8,RKC,7.797,6.9
11/7/10,pH 7.8,RKC,7.801,6.9
11/7/10,pH 7.8,RKC,7.823,6.9
11/8/10,pH 7.8,RKC,7.787,6.7
11/8/10,pH 7.8,RKC,7.800,6.8
11/8/10,pH 7.8,RKC,7.815,6.8
11/8/10,pH 7.8,RKC,7.776,6.8
11/8/10,pH 7.8,RKC,7.818,6.7
11/9/10,pH 7.8,RKC,7.773,6.7
11/9/10,pH 7.8,RKC,7.770,6.8
11/9/10,pH 7.8,RKC,7.767,6.8
11/9/10,pH 7.8,RKC,7.787,6.7
11/9/10,pH 7.8,RKC,7.790,6.6
11/10/10,pH 7.8,RKC,7.783,6.8
11/10/10,pH 7.8,RKC,7.800,6.7
11/10/10,pH 7.8,RKC,7.794,6.8
11/10/10,pH 7.8,RKC,7.793,6.8
11/10/10,pH 7.8,RKC,7.785,6.7
11/11/10,pH 7.8,RKC,7.794,6.7
11/11/10,pH 7.8,RKC,7.802,6.8
11/11/10,pH 7.8,RKC,7.799,6.7
11/11/10,pH 7.8,RKC,7.789,6.8
11/11/10,pH 7.8,RKC,7.821,6.7
11/12/10,pH 7.8,RKC,7.800,6.8
11/12/10,pH 7.8,RKC,7.792,6.9
11/12/10,pH 7.8,RKC,7.799,6.9
11/12/10,pH 7.8,RKC,7.804,6.8
11/12/10,pH 7.8,RKC,7.783,7
11/13/10,pH 7.8,RKC,7.807,6.7
11/13/10,pH 7.8,RKC,7.803,6.8
11/13/10,pH 7.8,RKC,7.810,6.7
11/13/10,pH 7.8,RKC,7.809,6.7
11/13/10,pH 7.8,RKC,7.808,6.7
11/14/10,pH 7.8,RKC,7.795,6.7
11/14/10,pH 7.8,RKC,7.800,6.7
11/14/10,pH 7.8,RKC,7.798,6.7
11/14/10,pH 7.8,RKC,7.805,6.7
11/14/10,pH 7.8,RKC,7.790,6.7
11/15/10,pH 7.8,RKC,7.781,6.6
11/15/10,pH 7.8,RKC,7.785,6.6
11/15/10,pH 7.8,RKC,7.785,6.7
11/15/10,pH 7.8,RKC,7.787,6.7
11/15/10,pH 7.8,RKC,7.798,6.6
11/16/10,pH 7.8,RKC,7.796,6.0
11/16/10,pH 7.8,RKC,7.783,6.1
11/16/10,pH 7.8,RKC,7.786,6.1
11/16/10,pH 7.8,RKC,7.778,6.2
11/16/10,pH 7.8,RKC,7.794,6.1
11/17/10,pH 7.8,RKC,7.773,6.3
11/17/10,pH 7.8,RKC,7.772,6.2
11/17/10,pH 7.8,RKC,7.785,6.1
11/17/10,pH 7.8,RKC,7.773,6.2
11/17/10,pH 7.8,RKC,7.783,6.2
11/18/10,pH 7.8,RKC,7.785,5.8
11/18/10,pH 7.8,RKC,7.792,5.7
11/18/10,pH 7.8,RKC,7.773,5.8
11/18/10,pH 7.8,RKC,7.788,5.8
11/18/10,pH 7.8,RKC,7.784,5.9
11/19/10,pH 7.8,RKC,7.797,5.8
11/19/10,pH 7.8,RKC,7.805,5.7
11/19/10,pH 7.8,RKC,7.791,5.7
11/19/10,pH 7.8,RKC,7.790,5.7
11/19/10,pH 7.8,RKC,7.798,5.7
11/20/10,pH 7.8,RKC,7.820,5.7
11/20/10,pH 7.8,RKC,7.821,5.7
11/20/10,pH 7.8,RKC,7.819,5.6
11/20/10,pH 7.8,RKC,7.818,5.8
11/20/10,pH 7.8,RKC,7.822,5.7
11/21/10,pH 7.8,RKC,7.814,5.8
11/21/10,pH 7.8,RKC,7.816,5.7
11/21/10,pH 7.8,RKC,7.827,5.7
11/21/10,pH 7.8,RKC,7.802,5.8
11/21/10,pH 7.8,RKC,7.825,5.7
11/22/10,pH 7.8,RKC,7.805,5.9
11/22/10,pH 7.8,RKC,7.809,5.8
11/22/10,pH 7.8,RKC,7.803,5.9
11/22/10,pH 7.8,RKC,7.799,6.0
11/22/10,pH 7.8,RKC,7.800,6.0
11/23/10,pH 7.8,RKC,7.802,6.2
11/23/10,pH 7.8,RKC,7.811,6.1
11/23/10,pH 7.8,RKC,7.807,6.2
11/23/10,pH 7.8,RKC,7.809,6.1
11/23/10,pH 7.8,RKC,7.816,6.1
11/24/10,pH 7.8,RKC,7.819,6.4
11/24/10,pH 7.8,RKC,7.825,6.2
11/24/10,pH 7.8,RKC,7.820,6.3
11/24/10,pH 7.8,RKC,7.810,6.3
11/24/10,pH 7.8,RKC,7.821,6.3
11/25/10,pH 7.8,RKC,7.828,6.1
11/25/10,pH 7.8,RKC,7.823,6.2
11/25/10,pH 7.8,RKC,7.825,6.2
11/25/10,pH 7.8,RKC,7.827,6.1
11/25/10,pH 7.8,RKC,7.835,6.1
11/26/10,pH 7.8,RKC,7.805,5.9
11/26/10,pH 7.8,RKC,7.807,5.9
11/26/10,pH 7.8,RKC,7.808,5.9
11/26/10,pH 7.8,RKC,7.797,6.0
11/26/10,pH 7.8,RKC,7.793,6.0
11/27/10,pH 7.8,RKC,7.817,5.9
11/27/10,pH 7.8,RKC,7.816,5.8
11/27/10,pH 7.8,RKC,7.816,5.8
11/27/10,pH 7.8,RKC,7.818,5.8
11/27/10,pH 7.8,RKC,7.825,5.8
11/28/10,pH 7.8,RKC,7.811,5.9
11/28/10,pH 7.8,RKC,7.800,6.0
11/28/10,pH 7.8,RKC,7.804,5.9
11/28/10,pH 7.8,RKC,7.795,5.9
11/28/10,pH 7.8,RKC,7.811,5.9
11/29/10,pH 7.8,RKC,7.800,5.5
11/29/10,pH 7.8,RKC,7.771,5.6
11/29/10,pH 7.8,RKC,7.779,5.7
11/29/10,pH 7.8,RKC,7.778,5.7
11/29/10,pH 7.8,RKC,7.810,5.5
11/30/10,pH 7.8,RKC,7.776,5.2
11/30/10,pH 7.8,RKC,7.794,5.1
11/30/10,pH 7.8,RKC,7.785,5.3
11/30/10,pH 7.8,RKC,7.797,5.1
11/30/10,pH 7.8,RKC,7.803,5
12/1/10,pH 7.8,RKC,7.801,5.2
12/1/10,pH 7.8,RKC,7.831,5.0
12/1/10,pH 7.8,RKC,7.810,5.1
12/1/10,pH 7.8,RKC,7.823,5.0
12/1/10,pH 7.8,RKC,7.792,5.1
12/2/10,pH 7.8,RKC,7.796,5.3
12/2/10,pH 7.8,RKC,7.818,5.3
12/2/10,pH 7.8,RKC,7.816,5.2
12/2/10,pH 7.8,RKC,7.800,5.3
12/2/10,pH 7.8,RKC,7.786,5.4
12/3/10,pH 7.8,RKC,7.789,5.2
12/3/10,pH 7.8,RKC,7.791,5.2
12/3/10,pH 7.8,RKC,7.784,5.2
12/3/10,pH 7.8,RKC,7.786,5.2
12/3/10,pH 7.8,RKC,7.779,5.3
12/4/10,pH 7.8,RKC,7.801,5.3
12/4/10,pH 7.8,RKC,7.824,5.2
12/4/10,pH 7.8,RKC,7.808,5.3
12/4/10,pH 7.8,RKC,7.821,5.2
12/4/10,pH 7.8,RKC,7.815,5.3
12/5/10,pH 7.8,RKC,7.805,5.4
12/5/10,pH 7.8,RKC,7.797,5.4
12/5/10,pH 7.8,RKC,7.801,5.4
12/5/10,pH 7.8,RKC,7.815,5.4
12/5/10,pH 7.8,RKC,7.829,5.5
12/6/10,pH 7.8,RKC,7.809,5.5
12/6/10,pH 7.8,RKC,7.805,5.4
12/6/10,pH 7.8,RKC,7.819,5.3
12/6/10,pH 7.8,RKC,7.815,5.4
12/6/10,pH 7.8,RKC,7.811,5.4
12/7/10,pH 7.8,RKC,7.798,5.7
12/7/10,pH 7.8,RKC,7.801,5.7
12/7/10,pH 7.8,RKC,7.796,5.7
12/7/10,pH 7.8,RKC,7.794,5.8
12/7/10,pH 7.8,RKC,7.788,5.8
12/8/10,pH 7.8,RKC,7.800,5.8
12/8/10,pH 7.8,RKC,7.806,5.7
12/8/10,pH 7.8,RKC,7.808,5.7
12/8/10,pH 7.8,RKC,7.800,5.8
12/8/10,pH 7.8,RKC,7.814,5.8
12/9/10,pH 7.8,RKC,7.804,5.7
12/9/10,pH 7.8,RKC,7.813,5.6
12/9/10,pH 7.8,RKC,7.801,5.7
12/9/10,pH 7.8,RKC,7.803,5.7
12/9/10,pH 7.8,RKC,7.796,5.7
12/10/10,pH 7.8,RKC,7.807,5.7
12/10/10,pH 7.8,RKC,7.804,5.7
12/10/10,pH 7.8,RKC,7.797,5.8
12/10/10,pH 7.8,RKC,7.814,5.6
12/10/10,pH 7.8,RKC,7.808,5.8
12/11/10,pH 7.8,RKC,7.810,5.6
12/11/10,pH 7.8,RKC,7.821,5.6
12/11/10,pH 7.8,RKC,7.825,5.5
12/11/10,pH 7.8,RKC,7.824,5.5
12/11/10,pH 7.8,RKC,7.829,5.5
12/12/10,pH 7.8,RKC,7.799,5.8
12/12/10,pH 7.8,RKC,7.813,5.7
12/12/10,pH 7.8,RKC,7.820,5.7
12/12/10,pH 7.8,RKC,7.820,5.7
12/12/10,pH 7.8,RKC,7.804,5.6
12/13/10,pH 7.8,RKC,7.809,5.3
12/13/10,pH 7.8,RKC,7.791,5.4
12/13/10,pH 7.8,RKC,7.782,5.5
12/13/10,pH 7.8,RKC,7.786,5.5
12/13/10,pH 7.8,RKC,7.773,5.5
12/14/10,pH 7.8,RKC,7.774,5.3
12/14/10,pH 7.8,RKC,7.792,5.2
12/14/10,pH 7.8,RKC,7.792,5.2
12/14/10,pH 7.8,RKC,7.777,5.4
12/14/10,pH 7.8,RKC,7.814,5.1
12/15/10,pH 7.8,RKC,7.799,4.7
12/15/10,pH 7.8,RKC,7.799,4.8
12/15/10,pH 7.8,RKC,7.799,4.7
12/15/10,pH 7.8,RKC,7.806,4.8
12/15/10,pH 7.8,RKC,7.797,4.7
12/16/10,pH 7.8,RKC,7.817,4.9
12/16/10,pH 7.8,RKC,7.795,5.0
12/16/10,pH 7.8,RKC,7.817,4.9
12/16/10,pH 7.8,RKC,7.813,5.0
12/16/10,pH 7.8,RKC,7.814,5.0
12/17/10,pH 7.8,RKC,7.783,4.9
12/17/10,pH 7.8,RKC,7.796,4.9
12/17/10,pH 7.8,RKC,7.805,4.9
12/17/10,pH 7.8,RKC,7.776,5.0
12/17/10,pH 7.8,RKC,7.792,4.9
12/18/10,pH 7.8,RKC,7.822,4.7
12/18/10,pH 7.8,RKC,7.813,4.8
12/18/10,pH 7.8,RKC,7.825,4.8
12/18/10,pH 7.8,RKC,7.809,4.8
12/18/10,pH 7.8,RKC,7.829,4.7
12/19/10,pH 7.8,RKC,7.794,4.6
12/19/10,pH 7.8,RKC,7.801,4.6
12/19/10,pH 7.8,RKC,7.777,4.9
12/19/10,pH 7.8,RKC,7.799,4.8
12/19/10,pH 7.8,RKC,7.798,4.8
12/20/10,pH 7.8,RKC,7.814,4.4
12/20/10,pH 7.8,RKC,7.827,4.4
12/20/10,pH 7.8,RKC,7.818,4.4
12/20/10,pH 7.8,RKC,7.821,4.4
12/20/10,pH 7.8,RKC,7.816,4.4
