Date,Treatment pH,Treatment temp C,Tub ,pH,Temp C,,
8/5/12,Ambient,Ambient,1,8.08,10.00,,
8/6/12,Ambient,Ambient,1,8.05,10.80,,
8/7/12,Ambient,Ambient,1,8.03,10.80,,
8/8/12,Ambient,Ambient,1,7.99,10.80,,
8/9/12,Ambient,Ambient,1,8.00,11.07,,
8/10/12,Ambient,Ambient,1,8.03,11.20,,
8/11/12,Ambient,Ambient,1,8.02,10.90,,
8/12/12,Ambient,Ambient,1,8.00,10.90,,
8/13/12,Ambient,Ambient,1,8.00,10.90,,
8/14/12,Ambient,Ambient,1,7.99,11.40,,
8/15/12,Ambient,Ambient,1,7.99,10.93,,
8/16/12,Ambient,Ambient,1,7.98,11.40,,
8/17/12,Ambient,Ambient,1,8.01,10.73,,
8/18/12,Ambient,Ambient,1,8.02,10.80,,
8/19/12,Ambient,Ambient,1,8.01,10.67,,
8/20/12,Ambient,Ambient,1,8.00,10.50,,
8/21/12,Ambient,Ambient,1,8.02,10.57,,
8/22/12,Ambient,Ambient,1,8.01,10.40,,
8/23/12,Ambient,Ambient,1,8.02,10.63,,
8/24/12,Ambient,Ambient,1,8.02,10.60,,
8/25/12,Ambient,Ambient,1,8.04,10.70,,
8/26/12,Ambient,Ambient,1,8.03,11.07,,
8/27/12,Ambient,Ambient,1,8.04,11.10,,
8/28/12,Ambient,Ambient,1,8.06,11.00,,
8/29/12,Ambient,Ambient,1,8.05,11.10,,
8/30/12,Ambient,Ambient,1,8.05,11.30,,
8/31/12,Ambient,Ambient,1,8.03,11.10,,
9/1/12,Ambient,Ambient,1,8.06,11.00,,
9/2/12,Ambient,Ambient,1,8.05,10.97,,
9/3/12,Ambient,Ambient,1,8.04,10.90,,
9/4/12,Ambient,Ambient,1,8.03,10.90,,
9/5/12,Ambient,Ambient,1,8.02,10.80,,
9/6/12,Ambient,Ambient,1,8.02,10.80,,
9/7/12,Ambient,Ambient,1,8.01,10.80,,
9/8/12,Ambient,Ambient,1,8.02,10.80,,
9/9/12,Ambient,Ambient,1,8.02,10.70,,
9/10/12,Ambient,Ambient,1,8.00,10.60,,
9/11/12,Ambient,Ambient,1,8.00,10.80,,
9/12/12,Ambient,Ambient,1,8.01,10.80,,
9/13/12,Ambient,Ambient,1,8.02,10.80,,
9/14/12,Ambient,Ambient,1,8.04,10.87,,
9/15/12,Ambient,Ambient,1,8.04,11.00,,
9/16/12,Ambient,Ambient,1,8.02,10.93,,
9/17/12,Ambient,Ambient,1,8.00,10.80,,
9/18/12,Ambient,Ambient,1,7.98,10.77,,
9/19/12,Ambient,Ambient,1,7.97,10.70,,
9/20/12,Ambient,Ambient,1,7.96,10.50,,
9/21/12,Ambient,Ambient,1,7.96,10.40,,
9/22/12,Ambient,Ambient,1,7.94,10.50,,
9/23/12,Ambient,Ambient,1,7.93,10.47,,
9/24/12,Ambient,Ambient,1,7.96,10.40,,
9/25/12,Ambient,Ambient,1,7.93,10.43,,
9/26/12,Ambient,Ambient,1,7.92,10.40,,
9/27/12,Ambient,Ambient,1,7.98,10.20,,
9/28/12,Ambient,Ambient,1,7.99,10.00,,
9/29/12,Ambient,Ambient,1,7.97,9.70,,
9/30/12,Ambient,Ambient,1,7.95,9.77,,
10/1/12,Ambient,Ambient,1,7.99,9.60,,
10/2/12,Ambient,Ambient,1,8.03,9.70,,
10/3/12,Ambient,Ambient,1,7.99,9.90,,
10/4/12,Ambient,Ambient,1,7.98,9.87,,
10/5/12,Ambient,Ambient,1,7.96,9.70,,
10/6/12,Ambient,Ambient,1,7.95,9.70,,
10/7/12,Ambient,Ambient,1,7.95,9.80,,
10/8/12,Ambient,Ambient,1,7.93,9.53,,
10/9/12,Ambient,Ambient,1,7.95,9.50,,
10/10/12,Ambient,Ambient,1,7.96,9.67,,
10/11/12,Ambient,Ambient,1,7.97,9.50,,
10/12/12,Ambient,Ambient,1,7.97,9.50,,
10/13/12,Ambient,Ambient,1,7.96,10.00,,
10/14/12,Ambient,Ambient,1,7.96,9.80,,
10/15/12,Ambient,Ambient,1,8.00,9.60,,
10/16/12,Ambient,Ambient,1,8.02,9.10,,
10/17/12,Ambient,Ambient,1,8.02,9.10,,
10/18/12,Ambient,Ambient,1,8.02,9.00,,
10/19/12,Ambient,Ambient,1,8.03,8.90,,
10/20/12,Ambient,Ambient,1,8.02,8.60,,
10/21/12,Ambient,Ambient,1,8.02,8.53,,
10/22/12,Ambient,Ambient,1,8.05,8.40,,
10/23/12,Ambient,Ambient,1,8.02,8.20,,
10/24/12,Ambient,Ambient,1,8.03,8.30,,
10/25/12,Ambient,Ambient,1,8.01,8.40,,
10/26/12,Ambient,Ambient,1,8.04,8.43,,
10/27/12,Ambient,Ambient,1,8.01,8.50,,
10/28/12,Ambient,Ambient,1,7.97,8.50,,
10/29/12,Ambient,Ambient,1,7.98,8.33,,
10/30/12,Ambient,Ambient,1,8.01,8.17,,
10/31/12,Ambient,Ambient,1,8.02,7.70,,
11/1/12,Ambient,Ambient,1,8.03,7.53,,
11/2/12,Ambient,Ambient,1,8.04,7.70,,
11/3/12,Ambient,Ambient,1,8.02,8.00,,
11/4/12,Ambient,Ambient,1,8.02,7.90,,
11/5/12,Ambient,Ambient,1,8.01,7.90,,
11/6/12,Ambient,Ambient,1,8.00,7.50,,
11/7/12,Ambient,Ambient,1,8.00,7.50,,
11/8/12,Ambient,Ambient,1,7.97,7.70,,
11/9/12,Ambient,Ambient,1,7.97,7.80,,
11/10/12,Ambient,Ambient,1,7.96,7.63,,
11/11/12,Ambient,Ambient,1,7.96,7.90,,
11/12/12,Ambient,Ambient,1,7.97,7.80,,
11/13/12,Ambient,Ambient,1,7.99,7.97,,
11/14/12,Ambient,Ambient,1,8.00,8.00,,
11/15/12,Ambient,Ambient,1,8.00,8.10,,
11/16/12,Ambient,Ambient,1,8.01,7.90,,
11/17/12,Ambient,Ambient,1,7.99,7.50,,
11/18/12,Ambient,Ambient,1,7.98,7.53,,
11/19/12,Ambient,Ambient,1,8.00,7.30,,
11/20/12,Ambient,Ambient,1,8.02,7.10,,
11/21/12,Ambient,Ambient,1,8.01,7.10,,
11/22/12,Ambient,Ambient,1,7.98,7.30,,
11/23/12,Ambient,Ambient,1,8.00,6.90,,
11/24/12,Ambient,Ambient,1,7.97,7.03,,
11/25/12,Ambient,Ambient,1,7.96,7.30,,
11/26/12,Ambient,Ambient,1,7.99,7.30,,
11/27/12,Ambient,Ambient,1,7.98,7.60,,
11/28/12,Ambient,Ambient,1,7.98,7.30,,
11/29/12,Ambient,Ambient,1,7.99,7.00,,
11/30/12,Ambient,Ambient,1,7.97,7.00,,
12/1/12,Ambient,Ambient,1,7.97,6.90,,
12/2/12,Ambient,Ambient,1,7.97,6.60,,
12/3/12,Ambient,Ambient,1,7.99,6.40,,
12/4/12,Ambient,Ambient,1,8.01,6.10,,
12/5/12,Ambient,Ambient,1,8.00,6.20,,
12/6/12,Ambient,Ambient,1,8.01,6.30,,
12/7/12,Ambient,Ambient,1,7.98,6.20,,
12/8/12,Ambient,Ambient,1,7.98,6.30,,
12/9/12,Ambient,Ambient,1,7.97,6.60,,
12/10/12,Ambient,Ambient,1,7.97,6.60,,
12/11/12,Ambient,Ambient,1,7.96,6.40,,
12/12/12,Ambient,Ambient,1,7.96,6.70,,
12/13/12,Ambient,Ambient,1,7.97,6.60,,
12/14/12,Ambient,Ambient,1,7.97,6.70,,
12/15/12,Ambient,Ambient,1,7.96,6.70,,
12/16/12,Ambient,Ambient,1,7.96,6.17,,
12/17/12,Ambient,Ambient,1,7.98,5.57,,
12/18/12,Ambient,Ambient,1,7.96,5.80,,
12/19/12,Ambient,Ambient,1,7.97,5.70,,
12/20/12,Ambient,Ambient,1,7.99,5.20,,
12/21/12,Ambient,Ambient,1,7.99,5.50,,
12/22/12,Ambient,Ambient,1,7.98,5.40,,
12/23/12,Ambient,Ambient,1,7.99,5.70,,
12/24/12,Ambient,Ambient,1,8.00,5.80,,
12/25/12,Ambient,Ambient,1,7.98,5.90,,
12/26/12,Ambient,Ambient,1,7.99,5.93,,
12/27/12,Ambient,Ambient,1,8.01,6.20,,
12/28/12,Ambient,Ambient,1,7.98,6.30,,
12/29/12,Ambient,Ambient,1,7.95,6.60,,
12/30/12,Ambient,Ambient,1,7.98,6.80,,
12/31/12,Ambient,Ambient,1,7.99,6.40,,
1/1/13,Ambient,Ambient,1,8.00,6.80,,
1/2/13,Ambient,Ambient,1,7.98,6.60,,
1/3/13,Ambient,Ambient,1,7.97,6.50,,
1/4/13,Ambient,Ambient,1,7.99,6.60,,
1/5/13,Ambient,Ambient,1,7.97,6.60,,
1/6/13,Ambient,Ambient,1,7.98,6.70,,
1/7/13,Ambient,Ambient,1,7.98,6.50,,
1/8/13,Ambient,Ambient,1,8.00,6.40,,
1/9/13,Ambient,Ambient,1,7.98,6.30,,
1/10/13,Ambient,Ambient,1,7.99,6.53,,
1/11/13,Ambient,Ambient,1,7.99,6.67,,
1/12/13,Ambient,Ambient,1,7.98,6.50,,
1/13/13,Ambient,Ambient,1,7.98,6.70,,
1/14/13,Ambient,Ambient,1,7.98,6.70,,
1/15/13,Ambient,Ambient,1,8.01,6.63,,
1/16/13,Ambient,Ambient,1,7.98,6.60,,
1/17/13,Ambient,Ambient,1,7.99,6.60,,
1/18/13,Ambient,Ambient,1,7.99,6.30,,
1/19/13,Ambient,Ambient,1,7.98,6.30,,
1/20/13,Ambient,Ambient,1,7.96,6.50,,
1/21/13,Ambient,Ambient,1,7.97,6.30,,
1/22/13,Ambient,Ambient,1,7.98,6.70,,
1/23/13,Ambient,Ambient,1,7.97,6.70,,
1/24/13,Ambient,Ambient,1,7.98,6.83,,
1/25/13,Ambient,Ambient,1,7.98,6.73,,
1/26/13,Ambient,Ambient,1,7.99,6.20,,
1/27/13,Ambient,Ambient,1,8.00,6.10,,
1/28/13,Ambient,Ambient,1,7.97,6.10,,
1/29/13,Ambient,Ambient,1,7.97,6.37,,
1/30/13,Ambient,Ambient,1,7.97,6.60,,
1/31/13,Ambient,Ambient,1,7.97,6.80,,
2/1/13,Ambient,Ambient,1,7.95,6.90,,
2/2/13,Ambient,Ambient,1,7.95,6.80,,
2/3/13,Ambient,Ambient,1,7.94,7.00,,
2/4/13,Ambient,Ambient,1,7.94,7.10,,
8/5/12,Ambient,Ambient +4,2,8.00,14.67,,
8/6/12,Ambient,Ambient +4,2,8.01,13.43,,
8/7/12,Ambient,Ambient +4,2,7.98,14.83,,
8/8/12,Ambient,Ambient +4,2,7.95,14.67,,
8/9/12,Ambient,Ambient +4,2,7.96,14.43,,
8/10/12,Ambient,Ambient +4,2,7.98,14.57,,
8/11/12,Ambient,Ambient +4,2,7.98,13.80,,
8/12/12,Ambient,Ambient +4,2,7.96,14.40,,
8/13/12,Ambient,Ambient +4,2,7.95,14.47,,
8/14/12,Ambient,Ambient +4,2,7.95,14.37,,
8/15/12,Ambient,Ambient +4,2,7.94,14.43,,
8/16/12,Ambient,Ambient +4,2,7.94,14.20,,
8/17/12,Ambient,Ambient +4,2,7.99,13.33,,
8/18/12,Ambient,Ambient +4,2,7.97,13.97,,
8/19/12,Ambient,Ambient +4,2,7.95,14.47,,
8/20/12,Ambient,Ambient +4,2,7.95,14.73,,
8/21/12,Ambient,Ambient +4,2,7.95,14.83,,
8/22/12,Ambient,Ambient +4,2,7.95,14.43,,
8/23/12,Ambient,Ambient +4,2,7.96,14.30,,
8/24/12,Ambient,Ambient +4,2,7.96,14.40,,
8/25/12,Ambient,Ambient +4,2,7.98,14.23,,
8/26/12,Ambient,Ambient +4,2,7.97,14.13,,
8/27/12,Ambient,Ambient +4,2,7.97,15.40,,
8/28/12,Ambient,Ambient +4,2,7.99,15.33,,
8/29/12,Ambient,Ambient +4,2,7.98,15.23,,
8/30/12,Ambient,Ambient +4,2,7.99,15.40,,
8/31/12,Ambient,Ambient +4,2,7.97,15.43,,
9/1/12,Ambient,Ambient +4,2,7.97,15.27,,
9/2/12,Ambient,Ambient +4,2,7.99,15.13,,
9/3/12,Ambient,Ambient +4,2,7.99,14.60,,
9/4/12,Ambient,Ambient +4,2,7.99,14.63,,
9/5/12,Ambient,Ambient +4,2,7.96,15.03,,
9/6/12,Ambient,Ambient +4,2,7.96,14.60,,
9/7/12,Ambient,Ambient +4,2,7.95,14.53,,
9/8/12,Ambient,Ambient +4,2,7.95,15.07,,
9/9/12,Ambient,Ambient +4,2,7.96,14.50,,
9/10/12,Ambient,Ambient +4,2,7.94,14.63,,
9/11/12,Ambient,Ambient +4,2,7.94,14.43,,
9/12/12,Ambient,Ambient +4,2,7.95,14.20,,
9/13/12,Ambient,Ambient +4,2,7.97,14.37,,
9/14/12,Ambient,Ambient +4,2,7.98,15.30,,
9/15/12,Ambient,Ambient +4,2,7.99,14.30,,
9/16/12,Ambient,Ambient +4,2,7.97,14.40,,
9/17/12,Ambient,Ambient +4,2,7.95,14.17,,
9/18/12,Ambient,Ambient +4,2,7.93,14.07,,
9/19/12,Ambient,Ambient +4,2,7.93,13.90,,
9/20/12,Ambient,Ambient +4,2,7.91,14.03,,
9/21/12,Ambient,Ambient +4,2,7.93,13.73,,
9/22/12,Ambient,Ambient +4,2,7.89,14.40,,
9/23/12,Ambient,Ambient +4,2,7.85,14.30,,
9/24/12,Ambient,Ambient +4,2,7.91,14.00,,
9/25/12,Ambient,Ambient +4,2,7.89,14.17,,
9/26/12,Ambient,Ambient +4,2,7.86,13.83,,
9/27/12,Ambient,Ambient +4,2,7.93,13.53,,
9/28/12,Ambient,Ambient +4,2,7.94,14.03,,
9/29/12,Ambient,Ambient +4,2,7.92,13.30,,
9/30/12,Ambient,Ambient +4,2,7.93,13.33,,
10/1/12,Ambient,Ambient +4,2,7.93,13.60,,
10/2/12,Ambient,Ambient +4,2,7.95,13.77,,
10/3/12,Ambient,Ambient +4,2,7.93,13.63,,
10/4/12,Ambient,Ambient +4,2,7.93,13.70,,
10/5/12,Ambient,Ambient +4,2,7.91,12.67,,
10/6/12,Ambient,Ambient +4,2,7.91,12.23,,
10/7/12,Ambient,Ambient +4,2,7.90,13.27,,
10/8/12,Ambient,Ambient +4,2,7.88,13.03,,
10/9/12,Ambient,Ambient +4,2,7.90,13.17,,
10/10/12,Ambient,Ambient +4,2,7.92,13.27,,
10/11/12,Ambient,Ambient +4,2,7.92,13.80,,
10/12/12,Ambient,Ambient +4,2,7.92,13.50,,
10/13/12,Ambient,Ambient +4,2,7.91,13.60,,
10/14/12,Ambient,Ambient +4,2,7.90,13.90,,
10/15/12,Ambient,Ambient +4,2,7.95,13.63,,
10/16/12,Ambient,Ambient +4,2,7.96,13.50,,
10/17/12,Ambient,Ambient +4,2,7.96,13.10,,
10/18/12,Ambient,Ambient +4,2,7.95,13.03,,
10/19/12,Ambient,Ambient +4,2,7.96,13.17,,
10/20/12,Ambient,Ambient +4,2,7.95,12.93,,
10/21/12,Ambient,Ambient +4,2,7.95,13.10,,
10/22/12,Ambient,Ambient +4,2,7.98,12.70,,
10/23/12,Ambient,Ambient +4,2,7.96,12.33,,
10/24/12,Ambient,Ambient +4,2,7.97,12.07,,
10/25/12,Ambient,Ambient +4,2,7.95,12.13,,
10/26/12,Ambient,Ambient +4,2,7.97,12.07,,
10/27/12,Ambient,Ambient +4,2,7.94,12.73,,
10/28/12,Ambient,Ambient +4,2,7.92,12.53,,
10/29/12,Ambient,Ambient +4,2,7.92,12.40,,
10/30/12,Ambient,Ambient +4,2,7.94,12.40,,
10/31/12,Ambient,Ambient +4,2,7.94,12.40,,
11/1/12,Ambient,Ambient +4,2,7.97,11.00,,
11/2/12,Ambient,Ambient +4,2,7.99,10.80,,
11/3/12,Ambient,Ambient +4,2,7.97,11.77,,
11/4/12,Ambient,Ambient +4,2,7.96,11.90,,
11/5/12,Ambient,Ambient +4,2,7.95,11.67,,
11/6/12,Ambient,Ambient +4,2,7.94,11.60,,
11/7/12,Ambient,Ambient +4,2,7.93,11.70,,
11/8/12,Ambient,Ambient +4,2,7.90,11.80,,
11/9/12,Ambient,Ambient +4,2,7.92,11.50,,
11/10/12,Ambient,Ambient +4,2,7.90,11.60,,
11/11/12,Ambient,Ambient +4,2,7.90,11.47,,
11/12/12,Ambient,Ambient +4,2,7.92,11.60,,
11/13/12,Ambient,Ambient +4,2,7.93,11.57,,
11/14/12,Ambient,Ambient +4,2,7.93,12.07,,
11/15/12,Ambient,Ambient +4,2,7.93,12.00,,
11/16/12,Ambient,Ambient +4,2,7.96,12.17,,
11/17/12,Ambient,Ambient +4,2,7.93,11.50,,
11/18/12,Ambient,Ambient +4,2,7.93,11.70,,
11/19/12,Ambient,Ambient +4,2,7.93,11.40,,
11/20/12,Ambient,Ambient +4,2,7.95,11.37,,
11/21/12,Ambient,Ambient +4,2,7.94,11.27,,
11/22/12,Ambient,Ambient +4,2,7.92,11.00,,
11/23/12,Ambient,Ambient +4,2,7.91,11.10,,
11/24/12,Ambient,Ambient +4,2,7.91,11.87,,
11/25/12,Ambient,Ambient +4,2,7.90,11.53,,
11/26/12,Ambient,Ambient +4,2,7.93,11.23,,
11/27/12,Ambient,Ambient +4,2,7.92,11.33,,
11/28/12,Ambient,Ambient +4,2,7.93,11.70,,
11/29/12,Ambient,Ambient +4,2,7.93,11.37,,
11/30/12,Ambient,Ambient +4,2,7.73,10.90,,
12/1/12,Ambient,Ambient +4,2,7.91,10.40,,
12/2/12,Ambient,Ambient +4,2,7.91,10.90,,
12/3/12,Ambient,Ambient +4,2,7.93,10.63,,
12/4/12,Ambient,Ambient +4,2,7.94,10.57,,
12/5/12,Ambient,Ambient +4,2,7.94,10.33,,
12/6/12,Ambient,Ambient +4,2,7.94,10.30,,
12/7/12,Ambient,Ambient +4,2,7.91,10.93,,
12/8/12,Ambient,Ambient +4,2,7.91,10.70,,
12/9/12,Ambient,Ambient +4,2,7.91,10.57,,
12/10/12,Ambient,Ambient +4,2,7.91,10.60,,
12/11/12,Ambient,Ambient +4,2,7.91,10.17,,
12/12/12,Ambient,Ambient +4,2,7.91,10.53,,
12/13/12,Ambient,Ambient +4,2,7.92,10.67,,
12/14/12,Ambient,Ambient +4,2,7.92,10.50,,
12/15/12,Ambient,Ambient +4,2,7.91,10.20,,
12/16/12,Ambient,Ambient +4,2,7.91,10.17,,
12/17/12,Ambient,Ambient +4,2,7.93,9.80,,
12/18/12,Ambient,Ambient +4,2,7.92,9.27,,
12/19/12,Ambient,Ambient +4,2,7.92,9.53,,
12/20/12,Ambient,Ambient +4,2,7.93,9.47,,
12/21/12,Ambient,Ambient +4,2,7.94,9.23,,
12/22/12,Ambient,Ambient +4,2,7.94,9.20,,
12/23/12,Ambient,Ambient +4,2,7.94,9.20,,
12/24/12,Ambient,Ambient +4,2,7.93,9.50,,
12/25/12,Ambient,Ambient +4,2,7.94,9.57,,
12/26/12,Ambient,Ambient +4,2,7.94,9.70,,
12/27/12,Ambient,Ambient +4,2,7.96,9.57,,
12/28/12,Ambient,Ambient +4,2,7.94,9.53,,
12/29/12,Ambient,Ambient +4,2,7.92,10.00,,
12/30/12,Ambient,Ambient +4,2,7.93,10.40,,
12/31/12,Ambient,Ambient +4,2,7.94,10.30,,
1/1/13,Ambient,Ambient +4,2,7.96,10.23,,
1/2/13,Ambient,Ambient +4,2,7.93,10.43,,
1/3/13,Ambient,Ambient +4,2,7.93,10.50,,
1/4/13,Ambient,Ambient +4,2,7.94,10.40,,
1/5/13,Ambient,Ambient +4,2,7.92,10.80,,
1/6/13,Ambient,Ambient +4,2,7.93,10.53,,
1/7/13,Ambient,Ambient +4,2,7.93,10.30,,
1/8/13,Ambient,Ambient +4,2,7.94,10.40,,
1/9/13,Ambient,Ambient +4,2,7.93,10.40,,
1/10/13,Ambient,Ambient +4,2,7.93,10.20,,
1/11/13,Ambient,Ambient +4,2,7.93,10.40,,
1/12/13,Ambient,Ambient +4,2,7.93,10.50,,
1/13/13,Ambient,Ambient +4,2,7.93,10.40,,
1/14/13,Ambient,Ambient +4,2,7.93,10.50,,
1/15/13,Ambient,Ambient +4,2,7.95,10.50,,
1/16/13,Ambient,Ambient +4,2,7.93,10.50,,
1/17/13,Ambient,Ambient +4,2,7.93,10.50,,
1/18/13,Ambient,Ambient +4,2,7.93,10.50,,
1/19/13,Ambient,Ambient +4,2,7.93,10.20,,
1/20/13,Ambient,Ambient +4,2,7.91,10.10,,
1/21/13,Ambient,Ambient +4,2,7.92,10.40,,
1/22/13,Ambient,Ambient +4,2,7.93,10.20,,
1/23/13,Ambient,Ambient +4,2,7.92,10.60,,
1/24/13,Ambient,Ambient +4,2,7.92,10.60,,
1/25/13,Ambient,Ambient +4,2,7.93,10.70,,
1/26/13,Ambient,Ambient +4,2,7.92,10.60,,
1/27/13,Ambient,Ambient +4,2,7.94,10.10,,
1/28/13,Ambient,Ambient +4,2,7.91,9.90,,
1/29/13,Ambient,Ambient +4,2,7.92,9.90,,
1/30/13,Ambient,Ambient +4,2,7.92,10.30,,
1/31/13,Ambient,Ambient +4,2,7.91,10.60,,
2/1/13,Ambient,Ambient +4,2,7.90,10.80,,
2/2/13,Ambient,Ambient +4,2,7.90,10.70,,
2/3/13,Ambient,Ambient +4,2,7.89,10.80,,
2/4/13,Ambient,Ambient +4,2,7.89,10.90,,
8/5/12,Ambient,Ambient +2,3,8.05,12.33,,
8/6/12,Ambient,Ambient +2,3,8.03,12.40,,
8/7/12,Ambient,Ambient +2,3,8.01,12.43,,
8/8/12,Ambient,Ambient +2,3,7.97,12.40,,
8/9/12,Ambient,Ambient +2,3,7.98,12.60,,
8/10/12,Ambient,Ambient +2,3,8.01,12.70,,
8/11/12,Ambient,Ambient +2,3,8.01,12.23,,
8/12/12,Ambient,Ambient +2,3,7.98,12.80,,
8/13/12,Ambient,Ambient +2,3,7.98,12.80,,
8/14/12,Ambient,Ambient +2,3,7.97,12.80,,
8/15/12,Ambient,Ambient +2,3,7.95,13.30,,
8/16/12,Ambient,Ambient +2,3,7.96,13.10,,
8/17/12,Ambient,Ambient +2,3,7.97,13.47,,
8/18/12,Ambient,Ambient +2,3,7.99,12.70,,
8/19/12,Ambient,Ambient +2,3,7.98,12.63,,
8/20/12,Ambient,Ambient +2,3,7.98,12.70,,
8/21/12,Ambient,Ambient +2,3,7.99,12.27,,
8/22/12,Ambient,Ambient +2,3,7.98,12.60,,
8/23/12,Ambient,Ambient +2,3,7.99,12.20,,
8/24/12,Ambient,Ambient +2,3,7.99,12.60,,
8/25/12,Ambient,Ambient +2,3,8.01,12.20,,
8/26/12,Ambient,Ambient +2,3,7.99,12.57,,
8/27/12,Ambient,Ambient +2,3,8.00,13.00,,
8/28/12,Ambient,Ambient +2,3,8.01,13.00,,
8/29/12,Ambient,Ambient +2,3,8.02,13.00,,
8/30/12,Ambient,Ambient +2,3,8.02,12.90,,
8/31/12,Ambient,Ambient +2,3,7.99,13.30,,
9/1/12,Ambient,Ambient +2,3,8.02,13.10,,
9/2/12,Ambient,Ambient +2,3,8.01,13.10,,
9/3/12,Ambient,Ambient +2,3,8.01,12.70,,
9/4/12,Ambient,Ambient +2,3,8.01,12.70,,
9/5/12,Ambient,Ambient +2,3,7.99,12.70,,
9/6/12,Ambient,Ambient +2,3,7.98,12.57,,
9/7/12,Ambient,Ambient +2,3,7.97,12.73,,
9/8/12,Ambient,Ambient +2,3,7.98,12.90,,
9/9/12,Ambient,Ambient +2,3,7.98,12.70,,
9/10/12,Ambient,Ambient +2,3,7.97,12.33,,
9/11/12,Ambient,Ambient +2,3,7.97,12.47,,
9/12/12,Ambient,Ambient +2,3,7.96,12.70,,
9/13/12,Ambient,Ambient +2,3,7.98,12.83,,
9/14/12,Ambient,Ambient +2,3,8.01,12.70,,
9/15/12,Ambient,Ambient +2,3,8.01,12.70,,
9/16/12,Ambient,Ambient +2,3,8.00,12.80,,
9/17/12,Ambient,Ambient +2,3,7.97,12.77,,
9/18/12,Ambient,Ambient +2,3,7.95,12.30,,
9/19/12,Ambient,Ambient +2,3,7.94,12.57,,
9/20/12,Ambient,Ambient +2,3,7.92,12.53,,
9/21/12,Ambient,Ambient +2,3,7.94,12.37,,
9/22/12,Ambient,Ambient +2,3,7.90,12.17,,
9/23/12,Ambient,Ambient +2,3,7.91,12.20,,
9/24/12,Ambient,Ambient +2,3,7.93,12.10,,
9/25/12,Ambient,Ambient +2,3,7.91,12.10,,
9/26/12,Ambient,Ambient +2,3,7.89,12.10,,
9/27/12,Ambient,Ambient +2,3,7.95,11.90,,
9/28/12,Ambient,Ambient +2,3,7.96,11.90,,
9/29/12,Ambient,Ambient +2,3,7.95,11.40,,
9/30/12,Ambient,Ambient +2,3,7.95,11.20,,
10/1/12,Ambient,Ambient +2,3,7.96,11.57,,
10/2/12,Ambient,Ambient +2,3,7.98,11.50,,
10/3/12,Ambient,Ambient +2,3,7.95,11.37,,
10/4/12,Ambient,Ambient +2,3,7.94,11.43,,
10/5/12,Ambient,Ambient +2,3,7.94,11.20,,
10/6/12,Ambient,Ambient +2,3,7.91,12.07,,
10/7/12,Ambient,Ambient +2,3,7.88,11.30,,
10/8/12,Ambient,Ambient +2,3,7.89,11.47,,
10/9/12,Ambient,Ambient +2,3,7.92,11.20,,
10/10/12,Ambient,Ambient +2,3,7.93,11.50,,
10/11/12,Ambient,Ambient +2,3,7.91,12.87,,
10/12/12,Ambient,Ambient +2,3,7.94,11.63,,
10/13/12,Ambient,Ambient +2,3,7.94,11.70,,
10/14/12,Ambient,Ambient +2,3,7.93,11.80,,
10/15/12,Ambient,Ambient +2,3,7.97,11.50,,
10/16/12,Ambient,Ambient +2,3,7.99,11.20,,
10/17/12,Ambient,Ambient +2,3,7.98,10.70,,
10/18/12,Ambient,Ambient +2,3,7.99,10.80,,
10/19/12,Ambient,Ambient +2,3,7.99,10.83,,
10/20/12,Ambient,Ambient +2,3,7.98,10.67,,
10/21/12,Ambient,Ambient +2,3,7.99,10.53,,
10/22/12,Ambient,Ambient +2,3,8.01,10.10,,
10/23/12,Ambient,Ambient +2,3,8.00,10.07,,
10/24/12,Ambient,Ambient +2,3,8.00,9.93,,
10/25/12,Ambient,Ambient +2,3,7.98,10.13,,
10/26/12,Ambient,Ambient +2,3,7.99,10.07,,
10/27/12,Ambient,Ambient +2,3,7.98,10.03,,
10/28/12,Ambient,Ambient +2,3,7.94,10.30,,
10/29/12,Ambient,Ambient +2,3,7.94,10.30,,
10/30/12,Ambient,Ambient +2,3,7.97,10.00,,
10/31/12,Ambient,Ambient +2,3,7.98,9.63,,
11/1/12,Ambient,Ambient +2,3,7.98,9.33,,
11/2/12,Ambient,Ambient +2,3,8.01,9.40,,
11/3/12,Ambient,Ambient +2,3,7.99,9.30,,
11/4/12,Ambient,Ambient +2,3,7.98,10.00,,
11/5/12,Ambient,Ambient +2,3,7.97,9.90,,
11/6/12,Ambient,Ambient +2,3,7.96,9.67,,
11/7/12,Ambient,Ambient +2,3,7.96,9.60,,
11/8/12,Ambient,Ambient +2,3,7.93,9.70,,
11/9/12,Ambient,Ambient +2,3,7.95,9.60,,
11/10/12,Ambient,Ambient +2,3,7.94,9.40,,
11/11/12,Ambient,Ambient +2,3,7.94,9.40,,
11/12/12,Ambient,Ambient +2,3,7.95,9.70,,
11/13/12,Ambient,Ambient +2,3,7.95,9.60,,
11/14/12,Ambient,Ambient +2,3,7.95,9.80,,
11/15/12,Ambient,Ambient +2,3,7.96,9.70,,
11/16/12,Ambient,Ambient +2,3,7.98,9.90,,
11/17/12,Ambient,Ambient +2,3,7.96,9.50,,
11/18/12,Ambient,Ambient +2,3,7.95,9.50,,
11/19/12,Ambient,Ambient +2,3,7.96,9.30,,
11/20/12,Ambient,Ambient +2,3,7.98,9.30,,
11/21/12,Ambient,Ambient +2,3,7.98,8.90,,
11/22/12,Ambient,Ambient +2,3,7.95,9.13,,
11/23/12,Ambient,Ambient +2,3,7.95,9.20,,
11/24/12,Ambient,Ambient +2,3,7.93,9.20,,
11/25/12,Ambient,Ambient +2,3,7.93,9.20,,
11/26/12,Ambient,Ambient +2,3,7.96,9.20,,
11/27/12,Ambient,Ambient +2,3,7.95,9.20,,
11/28/12,Ambient,Ambient +2,3,7.95,9.40,,
11/29/12,Ambient,Ambient +2,3,7.96,8.70,,
11/30/12,Ambient,Ambient +2,3,7.95,8.60,,
12/1/12,Ambient,Ambient +2,3,7.94,8.57,,
12/2/12,Ambient,Ambient +2,3,7.94,8.60,,
12/3/12,Ambient,Ambient +2,3,7.96,8.27,,
12/4/12,Ambient,Ambient +2,3,7.96,8.10,,
12/5/12,Ambient,Ambient +2,3,7.97,7.70,,
12/6/12,Ambient,Ambient +2,3,7.97,7.60,,
12/7/12,Ambient,Ambient +2,3,7.95,8.00,,
12/8/12,Ambient,Ambient +2,3,7.94,8.10,,
12/9/12,Ambient,Ambient +2,3,7.94,8.17,,
12/10/12,Ambient,Ambient +2,3,7.94,8.10,,
12/11/12,Ambient,Ambient +2,3,7.93,8.50,,
12/12/12,Ambient,Ambient +2,3,7.94,8.20,,
12/13/12,Ambient,Ambient +2,3,7.95,8.30,,
12/14/12,Ambient,Ambient +2,3,7.94,8.10,,
12/15/12,Ambient,Ambient +2,3,7.94,8.20,,
12/16/12,Ambient,Ambient +2,3,7.93,8.40,,
12/17/12,Ambient,Ambient +2,3,7.96,7.40,,
12/18/12,Ambient,Ambient +2,3,7.94,7.57,,
12/19/12,Ambient,Ambient +2,3,7.94,7.60,,
12/20/12,Ambient,Ambient +2,3,7.95,7.50,,
12/21/12,Ambient,Ambient +2,3,7.97,7.10,,
12/22/12,Ambient,Ambient +2,3,7.96,7.30,,
12/23/12,Ambient,Ambient +2,3,7.98,7.23,,
12/24/12,Ambient,Ambient +2,3,7.96,7.57,,
12/25/12,Ambient,Ambient +2,3,7.97,7.60,,
12/26/12,Ambient,Ambient +2,3,7.97,7.70,,
12/27/12,Ambient,Ambient +2,3,7.98,8.00,,
12/28/12,Ambient,Ambient +2,3,7.96,8.00,,
12/29/12,Ambient,Ambient +2,3,7.94,8.10,,
12/30/12,Ambient,Ambient +2,3,7.96,8.50,,
12/31/12,Ambient,Ambient +2,3,7.97,8.60,,
1/1/13,Ambient,Ambient +2,3,7.98,8.23,,
1/2/13,Ambient,Ambient +2,3,7.96,8.60,,
1/3/13,Ambient,Ambient +2,3,7.95,8.43,,
1/4/13,Ambient,Ambient +2,3,7.96,8.40,,
1/5/13,Ambient,Ambient +2,3,7.95,8.40,,
1/6/13,Ambient,Ambient +2,3,7.96,8.53,,
1/7/13,Ambient,Ambient +2,3,7.95,8.60,,
1/8/13,Ambient,Ambient +2,3,7.97,8.40,,
1/9/13,Ambient,Ambient +2,3,7.95,8.30,,
1/10/13,Ambient,Ambient +2,3,7.96,8.30,,
1/11/13,Ambient,Ambient +2,3,7.96,8.40,,
1/12/13,Ambient,Ambient +2,3,7.97,8.40,,
1/13/13,Ambient,Ambient +2,3,7.95,8.30,,
1/14/13,Ambient,Ambient +2,3,7.96,8.53,,
1/15/13,Ambient,Ambient +2,3,7.98,8.50,,
1/16/13,Ambient,Ambient +2,3,7.96,8.53,,
1/17/13,Ambient,Ambient +2,3,7.95,8.47,,
1/18/13,Ambient,Ambient +2,3,7.96,8.50,,
1/19/13,Ambient,Ambient +2,3,7.96,8.10,,
1/20/13,Ambient,Ambient +2,3,7.94,8.10,,
1/21/13,Ambient,Ambient +2,3,7.95,8.30,,
1/22/13,Ambient,Ambient +2,3,7.96,8.20,,
1/23/13,Ambient,Ambient +2,3,7.95,8.60,,
1/24/13,Ambient,Ambient +2,3,7.95,8.60,,
1/25/13,Ambient,Ambient +2,3,7.95,8.70,,
1/26/13,Ambient,Ambient +2,3,7.96,8.50,,
1/27/13,Ambient,Ambient +2,3,7.97,8.10,,
1/28/13,Ambient,Ambient +2,3,7.95,8.00,,
1/29/13,Ambient,Ambient +2,3,7.94,8.00,,
1/30/13,Ambient,Ambient +2,3,7.94,8.30,,
1/31/13,Ambient,Ambient +2,3,7.94,8.60,,
2/1/13,Ambient,Ambient +2,3,7.93,8.70,,
2/2/13,Ambient,Ambient +2,3,7.93,8.70,,
2/3/13,Ambient,Ambient +2,3,7.92,8.70,,
2/4/13,Ambient,Ambient +2,3,7.91,8.90,,
8/5/12,pH 7.8,Ambient,4,7.79,10.60,,
8/6/12,pH 7.8,Ambient,4,7.80,10.60,,
8/7/12,pH 7.8,Ambient,4,7.79,10.70,,
8/8/12,pH 7.8,Ambient,4,7.74,11.90,,
8/9/12,pH 7.8,Ambient,4,7.81,10.77,,
8/10/12,pH 7.8,Ambient,4,7.82,10.87,,
8/11/12,pH 7.8,Ambient,4,7.81,11.03,,
8/12/12,pH 7.8,Ambient,4,7.80,11.00,,
8/13/12,pH 7.8,Ambient,4,7.81,11.07,,
8/14/12,pH 7.8,Ambient,4,7.80,11.30,,
8/15/12,pH 7.8,Ambient,4,7.81,11.30,,
8/16/12,pH 7.8,Ambient,4,7.82,11.47,,
8/17/12,pH 7.8,Ambient,4,7.83,11.07,,
8/18/12,pH 7.8,Ambient,4,7.83,11.17,,
8/19/12,pH 7.8,Ambient,4,7.83,10.80,,
8/20/12,pH 7.8,Ambient,4,7.81,10.67,,
8/21/12,pH 7.8,Ambient,4,7.80,10.70,,
8/22/12,pH 7.8,Ambient,4,7.80,10.60,,
8/23/12,pH 7.8,Ambient,4,7.80,10.70,,
8/24/12,pH 7.8,Ambient,4,7.81,10.70,,
8/25/12,pH 7.8,Ambient,4,7.80,10.70,,
8/26/12,pH 7.8,Ambient,4,7.78,11.20,,
8/27/12,pH 7.8,Ambient,4,7.78,11.27,,
8/28/12,pH 7.8,Ambient,4,7.78,11.13,,
8/29/12,pH 7.8,Ambient,4,7.78,11.30,,
8/30/12,pH 7.8,Ambient,4,7.78,11.57,,
8/31/12,pH 7.8,Ambient,4,7.76,11.23,,
9/1/12,pH 7.8,Ambient,4,7.78,11.30,,
9/2/12,pH 7.8,Ambient,4,7.78,11.20,,
9/3/12,pH 7.8,Ambient,4,7.79,11.00,,
9/4/12,pH 7.8,Ambient,4,7.78,10.97,,
9/5/12,pH 7.8,Ambient,4,7.77,11.00,,
9/6/12,pH 7.8,Ambient,4,7.77,11.20,,
9/7/12,pH 7.8,Ambient,4,7.76,11.00,,
9/8/12,pH 7.8,Ambient,4,7.77,10.90,,
9/9/12,pH 7.8,Ambient,4,7.77,10.77,,
9/10/12,pH 7.8,Ambient,4,7.77,11.00,,
9/11/12,pH 7.8,Ambient,4,7.78,11.07,,
9/12/12,pH 7.8,Ambient,4,7.78,11.00,,
9/13/12,pH 7.8,Ambient,4,7.78,10.97,,
9/14/12,pH 7.8,Ambient,4,7.80,11.00,,
9/15/12,pH 7.8,Ambient,4,7.80,11.10,,
9/16/12,pH 7.8,Ambient,4,7.79,11.00,,
9/17/12,pH 7.8,Ambient,4,7.80,10.80,,
9/18/12,pH 7.8,Ambient,4,7.78,10.90,,
9/19/12,pH 7.8,Ambient,4,7.79,10.93,,
9/20/12,pH 7.8,Ambient,4,7.78,10.80,,
9/21/12,pH 7.8,Ambient,4,7.78,10.60,,
9/22/12,pH 7.8,Ambient,4,7.77,10.70,,
9/23/12,pH 7.8,Ambient,4,7.78,10.50,,
9/24/12,pH 7.8,Ambient,4,7.78,10.50,,
9/25/12,pH 7.8,Ambient,4,7.79,10.60,,
9/26/12,pH 7.8,Ambient,4,7.79,10.40,,
9/27/12,pH 7.8,Ambient,4,7.80,10.23,,
9/28/12,pH 7.8,Ambient,4,7.79,10.10,,
9/29/12,pH 7.8,Ambient,4,7.78,9.80,,
9/30/12,pH 7.8,Ambient,4,7.77,10.37,,
10/1/12,pH 7.8,Ambient,4,7.78,10.20,,
10/2/12,pH 7.8,Ambient,4,7.80,10.20,,
10/3/12,pH 7.8,Ambient,4,7.78,10.20,,
10/4/12,pH 7.8,Ambient,4,7.79,10.30,,
10/5/12,pH 7.8,Ambient,4,7.78,10.30,,
10/6/12,pH 7.8,Ambient,4,7.81,10.60,,
10/7/12,pH 7.8,Ambient,4,7.77,10.17,,
10/8/12,pH 7.8,Ambient,4,7.77,9.90,,
10/9/12,pH 7.8,Ambient,4,7.80,9.90,,
10/10/12,pH 7.8,Ambient,4,7.78,10.20,,
10/11/12,pH 7.8,Ambient,4,7.80,10.00,,
10/12/12,pH 7.8,Ambient,4,7.80,10.00,,
10/13/12,pH 7.8,Ambient,4,7.81,10.20,,
10/14/12,pH 7.8,Ambient,4,7.78,9.97,,
10/15/12,pH 7.8,Ambient,4,7.80,9.73,,
10/16/12,pH 7.8,Ambient,4,7.81,9.40,,
10/17/12,pH 7.8,Ambient,4,7.80,9.37,,
10/18/12,pH 7.8,Ambient,4,7.79,9.27,,
10/19/12,pH 7.8,Ambient,4,7.79,9.20,,
10/20/12,pH 7.8,Ambient,4,7.80,9.00,,
10/21/12,pH 7.8,Ambient,4,7.79,8.70,,
10/22/12,pH 7.8,Ambient,4,7.81,8.57,,
10/23/12,pH 7.8,Ambient,4,7.79,8.47,,
10/24/12,pH 7.8,Ambient,4,7.80,8.43,,
10/25/12,pH 7.8,Ambient,4,7.79,8.50,,
10/26/12,pH 7.8,Ambient,4,7.81,8.60,,
10/27/12,pH 7.8,Ambient,4,7.82,8.77,,
10/28/12,pH 7.8,Ambient,4,7.78,8.60,,
10/29/12,pH 7.8,Ambient,4,7.78,8.47,,
10/30/12,pH 7.8,Ambient,4,7.79,8.30,,
10/31/12,pH 7.8,Ambient,4,7.80,7.93,,
11/1/12,pH 7.8,Ambient,4,7.81,7.80,,
11/2/12,pH 7.8,Ambient,4,7.81,7.93,,
11/3/12,pH 7.8,Ambient,4,7.80,8.40,,
11/4/12,pH 7.8,Ambient,4,7.80,8.20,,
11/5/12,pH 7.8,Ambient,4,7.78,8.00,,
11/6/12,pH 7.8,Ambient,4,7.78,7.83,,
11/7/12,pH 7.8,Ambient,4,7.78,7.80,,
11/8/12,pH 7.8,Ambient,4,7.76,7.70,,
11/9/12,pH 7.8,Ambient,4,7.78,7.80,,
11/10/12,pH 7.8,Ambient,4,7.78,7.87,,
11/11/12,pH 7.8,Ambient,4,7.76,8.03,,
11/12/12,pH 7.8,Ambient,4,7.79,8.07,,
11/13/12,pH 7.8,Ambient,4,7.79,8.20,,
11/14/12,pH 7.8,Ambient,4,7.80,8.10,,
11/15/12,pH 7.8,Ambient,4,7.79,8.33,,
11/16/12,pH 7.8,Ambient,4,7.81,8.20,,
11/17/12,pH 7.8,Ambient,4,7.79,8.00,,
11/18/12,pH 7.8,Ambient,4,7.78,7.70,,
11/19/12,pH 7.8,Ambient,4,7.77,7.50,,
11/20/12,pH 7.8,Ambient,4,7.79,7.40,,
11/21/12,pH 7.8,Ambient,4,7.79,7.50,,
11/22/12,pH 7.8,Ambient,4,7.77,7.33,,
11/23/12,pH 7.8,Ambient,4,7.77,7.10,,
11/24/12,pH 7.8,Ambient,4,7.76,7.80,,
11/25/12,pH 7.8,Ambient,4,7.76,7.43,,
11/26/12,pH 7.8,Ambient,4,7.78,7.40,,
11/27/12,pH 7.8,Ambient,4,7.78,7.67,,
11/28/12,pH 7.8,Ambient,4,7.79,7.30,,
11/29/12,pH 7.8,Ambient,4,7.78,7.20,,
11/30/12,pH 7.8,Ambient,4,7.77,7.00,,
12/1/12,pH 7.8,Ambient,4,7.75,7.20,,
12/2/12,pH 7.8,Ambient,4,7.76,6.80,,
12/3/12,pH 7.8,Ambient,4,7.76,6.70,,
12/4/12,pH 7.8,Ambient,4,7.78,6.40,,
12/5/12,pH 7.8,Ambient,4,7.78,6.20,,
12/6/12,pH 7.8,Ambient,4,7.78,6.70,,
12/7/12,pH 7.8,Ambient,4,7.76,6.40,,
12/8/12,pH 7.8,Ambient,4,7.77,6.90,,
12/9/12,pH 7.8,Ambient,4,7.79,6.50,,
12/10/12,pH 7.8,Ambient,4,7.78,6.90,,
12/11/12,pH 7.8,Ambient,4,7.78,6.50,,
12/12/12,pH 7.8,Ambient,4,7.78,6.70,,
12/13/12,pH 7.8,Ambient,4,7.78,6.60,,
12/14/12,pH 7.8,Ambient,4,7.78,6.77,,
12/15/12,pH 7.8,Ambient,4,7.78,6.90,,
12/16/12,pH 7.8,Ambient,4,7.76,6.10,,
12/17/12,pH 7.8,Ambient,4,7.78,5.80,,
12/18/12,pH 7.8,Ambient,4,7.77,5.83,,
12/19/12,pH 7.8,Ambient,4,7.79,5.60,,
12/20/12,pH 7.8,Ambient,4,7.80,5.20,,
12/21/12,pH 7.8,Ambient,4,7.80,5.40,,
12/22/12,pH 7.8,Ambient,4,7.79,5.60,,
12/23/12,pH 7.8,Ambient,4,7.80,5.70,,
12/24/12,pH 7.8,Ambient,4,7.80,5.77,,
12/25/12,pH 7.8,Ambient,4,7.79,5.90,,
12/26/12,pH 7.8,Ambient,4,7.78,6.10,,
12/27/12,pH 7.8,Ambient,4,7.80,6.20,,
12/28/12,pH 7.8,Ambient,4,7.78,6.20,,
12/29/12,pH 7.8,Ambient,4,7.78,6.80,,
12/30/12,pH 7.8,Ambient,4,7.79,6.70,,
12/31/12,pH 7.8,Ambient,4,7.80,6.40,,
1/1/13,pH 7.8,Ambient,4,7.80,6.80,,
1/2/13,pH 7.8,Ambient,4,7.78,6.57,,
1/3/13,pH 7.8,Ambient,4,7.78,6.60,,
1/4/13,pH 7.8,Ambient,4,7.80,6.60,,
1/5/13,pH 7.8,Ambient,4,7.81,6.90,,
1/6/13,pH 7.8,Ambient,4,7.79,6.70,,
1/7/13,pH 7.8,Ambient,4,7.78,6.57,,
1/8/13,pH 7.8,Ambient,4,7.80,6.60,,
1/9/13,pH 7.8,Ambient,4,7.78,6.40,,
1/10/13,pH 7.8,Ambient,4,7.79,6.60,,
1/11/13,pH 7.8,Ambient,4,7.79,6.63,,
1/12/13,pH 7.8,Ambient,4,7.81,6.60,,
1/13/13,pH 7.8,Ambient,4,7.78,6.70,,
1/14/13,pH 7.8,Ambient,4,7.78,6.77,,
1/15/13,pH 7.8,Ambient,4,7.81,6.70,,
1/16/13,pH 7.8,Ambient,4,7.78,6.67,,
1/17/13,pH 7.8,Ambient,4,7.78,6.60,,
1/18/13,pH 7.8,Ambient,4,7.78,6.33,,
1/19/13,pH 7.8,Ambient,4,7.78,6.40,,
1/20/13,pH 7.8,Ambient,4,7.77,6.60,,
1/21/13,pH 7.8,Ambient,4,7.79,6.50,,
1/22/13,pH 7.8,Ambient,4,7.80,6.73,,
1/23/13,pH 7.8,Ambient,4,7.79,6.80,,
1/24/13,pH 7.8,Ambient,4,7.78,6.90,,
1/25/13,pH 7.8,Ambient,4,7.80,6.80,,
1/26/13,pH 7.8,Ambient,4,7.79,6.50,,
1/27/13,pH 7.8,Ambient,4,7.80,6.30,,
1/28/13,pH 7.8,Ambient,4,7.77,6.20,,
1/29/13,pH 7.8,Ambient,4,7.78,6.40,,
1/30/13,pH 7.8,Ambient,4,7.78,6.60,,
1/31/13,pH 7.8,Ambient,4,7.79,6.80,,
2/1/13,pH 7.8,Ambient,4,7.78,6.90,,
2/2/13,pH 7.8,Ambient,4,7.78,6.80,,
2/3/13,pH 7.8,Ambient,4,7.78,7.00,,
2/4/13,pH 7.8,Ambient,4,7.79,7.00,,
8/5/12,pH 7.8,Ambient +2,5,7.78,12.40,,
8/6/12,pH 7.8,Ambient +2,5,7.78,12.43,,
8/7/12,pH 7.8,Ambient +2,5,7.77,12.50,,
8/8/12,pH 7.8,Ambient +2,5,7.72,12.43,,
8/9/12,pH 7.8,Ambient +2,5,7.78,12.70,,
8/10/12,pH 7.8,Ambient +2,5,7.80,12.73,,
8/11/12,pH 7.8,Ambient +2,5,7.79,13.00,,
8/12/12,pH 7.8,Ambient +2,5,7.78,13.17,,
8/13/12,pH 7.8,Ambient +2,5,7.79,12.77,,
8/14/12,pH 7.8,Ambient +2,5,7.78,12.87,,
8/15/12,pH 7.8,Ambient +2,5,7.78,13.43,,
8/16/12,pH 7.8,Ambient +2,5,7.79,13.10,,
8/17/12,pH 7.8,Ambient +2,5,7.81,13.37,,
8/18/12,pH 7.8,Ambient +2,5,7.80,12.80,,
8/19/12,pH 7.8,Ambient +2,5,7.79,12.80,,
8/20/12,pH 7.8,Ambient +2,5,7.78,12.83,,
8/21/12,pH 7.8,Ambient +2,5,7.78,12.73,,
8/22/12,pH 7.8,Ambient +2,5,7.77,12.63,,
8/23/12,pH 7.8,Ambient +2,5,7.77,12.20,,
8/24/12,pH 7.8,Ambient +2,5,7.77,12.67,,
8/25/12,pH 7.8,Ambient +2,5,7.78,12.53,,
8/26/12,pH 7.8,Ambient +2,5,7.75,12.80,,
8/27/12,pH 7.8,Ambient +2,5,7.75,13.17,,
8/28/12,pH 7.8,Ambient +2,5,7.76,13.00,,
8/29/12,pH 7.8,Ambient +2,5,7.76,13.00,,
8/30/12,pH 7.8,Ambient +2,5,7.76,13.17,,
8/31/12,pH 7.8,Ambient +2,5,7.74,13.20,,
9/1/12,pH 7.8,Ambient +2,5,7.75,13.90,,
9/2/12,pH 7.8,Ambient +2,5,7.75,13.23,,
9/3/12,pH 7.8,Ambient +2,5,7.76,12.70,,
9/4/12,pH 7.8,Ambient +2,5,7.76,13.13,,
9/5/12,pH 7.8,Ambient +2,5,7.74,13.13,,
9/6/12,pH 7.8,Ambient +2,5,7.74,12.93,,
9/7/12,pH 7.8,Ambient +2,5,7.73,13.47,,
9/8/12,pH 7.8,Ambient +2,5,7.74,13.40,,
9/9/12,pH 7.8,Ambient +2,5,7.74,12.70,,
9/10/12,pH 7.8,Ambient +2,5,7.74,13.10,,
9/11/12,pH 7.8,Ambient +2,5,7.75,13.30,,
9/12/12,pH 7.8,Ambient +2,5,7.74,13.40,,
9/13/12,pH 7.8,Ambient +2,5,7.76,13.40,,
9/14/12,pH 7.8,Ambient +2,5,7.78,13.13,,
9/15/12,pH 7.8,Ambient +2,5,7.77,12.53,,
9/16/12,pH 7.8,Ambient +2,5,7.77,12.70,,
9/17/12,pH 7.8,Ambient +2,5,7.78,12.80,,
9/18/12,pH 7.8,Ambient +2,5,7.76,12.70,,
9/19/12,pH 7.8,Ambient +2,5,7.77,12.97,,
9/20/12,pH 7.8,Ambient +2,5,7.76,13.00,,
9/21/12,pH 7.8,Ambient +2,5,7.76,11.80,,
9/22/12,pH 7.8,Ambient +2,5,7.76,11.90,,
9/23/12,pH 7.8,Ambient +2,5,7.76,12.30,,
9/24/12,pH 7.8,Ambient +2,5,7.76,12.43,,
9/25/12,pH 7.8,Ambient +2,5,7.77,11.93,,
9/26/12,pH 7.8,Ambient +2,5,7.77,12.97,,
9/27/12,pH 7.8,Ambient +2,5,7.76,12.67,,
9/28/12,pH 7.8,Ambient +2,5,7.76,12.77,,
9/29/12,pH 7.8,Ambient +2,5,7.77,11.27,,
9/30/12,pH 7.8,Ambient +2,5,7.75,11.10,,
10/1/12,pH 7.8,Ambient +2,5,7.76,11.50,,
10/2/12,pH 7.8,Ambient +2,5,7.78,12.07,,
10/3/12,pH 7.8,Ambient +2,5,7.77,11.80,,
10/4/12,pH 7.8,Ambient +2,5,7.77,11.57,,
10/5/12,pH 7.8,Ambient +2,5,7.77,11.70,,
10/6/12,pH 7.8,Ambient +2,5,7.76,11.27,,
10/7/12,pH 7.8,Ambient +2,5,7.75,11.40,,
10/8/12,pH 7.8,Ambient +2,5,7.75,11.43,,
10/9/12,pH 7.8,Ambient +2,5,7.79,11.17,,
10/10/12,pH 7.8,Ambient +2,5,7.77,11.67,,
10/11/12,pH 7.8,Ambient +2,5,7.78,12.27,,
10/12/12,pH 7.8,Ambient +2,5,7.77,12.10,,
10/13/12,pH 7.8,Ambient +2,5,7.77,11.70,,
10/14/12,pH 7.8,Ambient +2,5,7.74,12.33,,
10/15/12,pH 7.8,Ambient +2,5,7.78,11.90,,
10/16/12,pH 7.8,Ambient +2,5,7.78,11.83,,
10/17/12,pH 7.8,Ambient +2,5,7.78,11.40,,
10/18/12,pH 7.8,Ambient +2,5,7.78,11.27,,
10/19/12,pH 7.8,Ambient +2,5,7.78,10.90,,
10/20/12,pH 7.8,Ambient +2,5,7.76,10.67,,
10/21/12,pH 7.8,Ambient +2,5,7.77,10.90,,
10/22/12,pH 7.8,Ambient +2,5,7.78,11.00,,
10/23/12,pH 7.8,Ambient +2,5,7.78,10.33,,
10/24/12,pH 7.8,Ambient +2,5,7.78,10.23,,
10/25/12,pH 7.8,Ambient +2,5,7.77,10.37,,
10/26/12,pH 7.8,Ambient +2,5,7.79,10.10,,
10/27/12,pH 7.8,Ambient +2,5,7.79,10.17,,
10/28/12,pH 7.8,Ambient +2,5,7.76,10.33,,
10/29/12,pH 7.8,Ambient +2,5,7.76,10.27,,
10/30/12,pH 7.8,Ambient +2,5,7.77,10.73,,
10/31/12,pH 7.8,Ambient +2,5,7.77,10.10,,
11/1/12,pH 7.8,Ambient +2,5,7.78,9.53,,
11/2/12,pH 7.8,Ambient +2,5,7.79,9.30,,
11/3/12,pH 7.8,Ambient +2,5,7.77,9.83,,
11/4/12,pH 7.8,Ambient +2,5,7.78,9.77,,
11/5/12,pH 7.8,Ambient +2,5,7.77,10.17,,
11/6/12,pH 7.8,Ambient +2,5,7.77,9.60,,
11/7/12,pH 7.8,Ambient +2,5,7.76,9.70,,
11/8/12,pH 7.8,Ambient +2,5,7.73,9.90,,
11/9/12,pH 7.8,Ambient +2,5,7.76,9.80,,
11/10/12,pH 7.8,Ambient +2,5,7.75,9.53,,
11/11/12,pH 7.8,Ambient +2,5,7.75,9.63,,
11/12/12,pH 7.8,Ambient +2,5,7.77,9.77,,
11/13/12,pH 7.8,Ambient +2,5,7.77,9.80,,
11/14/12,pH 7.8,Ambient +2,5,7.77,9.90,,
11/15/12,pH 7.8,Ambient +2,5,7.77,10.20,,
11/16/12,pH 7.8,Ambient +2,5,7.79,10.03,,
11/17/12,pH 7.8,Ambient +2,5,7.76,9.50,,
11/18/12,pH 7.8,Ambient +2,5,7.76,9.40,,
11/19/12,pH 7.8,Ambient +2,5,7.75,9.57,,
11/20/12,pH 7.8,Ambient +2,5,7.77,9.70,,
11/21/12,pH 7.8,Ambient +2,5,7.77,9.13,,
11/22/12,pH 7.8,Ambient +2,5,7.74,8.60,,
11/23/12,pH 7.8,Ambient +2,5,7.75,9.13,,
11/24/12,pH 7.8,Ambient +2,5,7.74,9.17,,
11/25/12,pH 7.8,Ambient +2,5,7.73,9.50,,
11/26/12,pH 7.8,Ambient +2,5,7.76,9.70,,
11/27/12,pH 7.8,Ambient +2,5,7.76,9.33,,
11/28/12,pH 7.8,Ambient +2,5,7.75,9.63,,
11/29/12,pH 7.8,Ambient +2,5,7.75,8.60,,
11/30/12,pH 7.8,Ambient +2,5,7.75,8.70,,
12/1/12,pH 7.8,Ambient +2,5,7.75,8.40,,
12/2/12,pH 7.8,Ambient +2,5,7.73,8.33,,
12/3/12,pH 7.8,Ambient +2,5,7.75,8.60,,
12/4/12,pH 7.8,Ambient +2,5,7.75,8.37,,
12/5/12,pH 7.8,Ambient +2,5,7.75,8.33,,
12/6/12,pH 7.8,Ambient +2,5,7.75,7.77,,
12/7/12,pH 7.8,Ambient +2,5,7.73,8.10,,
12/8/12,pH 7.8,Ambient +2,5,7.75,8.00,,
12/9/12,pH 7.8,Ambient +2,5,7.76,8.13,,
12/10/12,pH 7.8,Ambient +2,5,7.75,8.63,,
12/11/12,pH 7.8,Ambient +2,5,7.74,8.80,,
12/12/12,pH 7.8,Ambient +2,5,7.75,8.57,,
12/13/12,pH 7.8,Ambient +2,5,7.76,8.20,,
12/14/12,pH 7.8,Ambient +2,5,7.75,7.80,,
12/15/12,pH 7.8,Ambient +2,5,7.75,8.50,,
12/16/12,pH 7.8,Ambient +2,5,7.73,8.27,,
12/17/12,pH 7.8,Ambient +2,5,7.75,7.80,,
12/18/12,pH 7.8,Ambient +2,5,7.75,7.37,,
12/19/12,pH 7.8,Ambient +2,5,7.75,7.70,,
12/20/12,pH 7.8,Ambient +2,5,7.76,7.50,,
12/21/12,pH 7.8,Ambient +2,5,7.77,7.00,,
12/22/12,pH 7.8,Ambient +2,5,7.76,7.30,,
12/23/12,pH 7.8,Ambient +2,5,7.76,7.30,,
12/24/12,pH 7.8,Ambient +2,5,7.75,7.60,,
12/25/12,pH 7.8,Ambient +2,5,7.75,7.60,,
12/26/12,pH 7.8,Ambient +2,5,7.75,7.70,,
12/27/12,pH 7.8,Ambient +2,5,7.77,8.00,,
12/28/12,pH 7.8,Ambient +2,5,7.76,8.00,,
12/29/12,pH 7.8,Ambient +2,5,7.74,8.00,,
12/30/12,pH 7.8,Ambient +2,5,7.76,8.50,,
12/31/12,pH 7.8,Ambient +2,5,7.76,8.50,,
1/1/13,pH 7.8,Ambient +2,5,7.77,8.40,,
1/2/13,pH 7.8,Ambient +2,5,7.75,8.70,,
1/3/13,pH 7.8,Ambient +2,5,7.75,8.50,,
1/4/13,pH 7.8,Ambient +2,5,7.76,8.40,,
1/5/13,pH 7.8,Ambient +2,5,7.75,8.40,,
1/6/13,pH 7.8,Ambient +2,5,7.76,8.53,,
1/7/13,pH 7.8,Ambient +2,5,7.76,8.60,,
1/8/13,pH 7.8,Ambient +2,5,7.76,8.50,,
1/9/13,pH 7.8,Ambient +2,5,7.75,8.30,,
1/10/13,pH 7.8,Ambient +2,5,7.76,8.20,,
1/11/13,pH 7.8,Ambient +2,5,7.76,8.40,,
1/12/13,pH 7.8,Ambient +2,5,7.75,8.40,,
1/13/13,pH 7.8,Ambient +2,5,7.75,8.30,,
1/14/13,pH 7.8,Ambient +2,5,7.75,8.50,,
1/15/13,pH 7.8,Ambient +2,5,7.77,8.50,,
1/16/13,pH 7.8,Ambient +2,5,7.74,8.50,,
1/17/13,pH 7.8,Ambient +2,5,7.74,8.40,,
1/18/13,pH 7.8,Ambient +2,5,7.74,8.50,,
1/19/13,pH 7.8,Ambient +2,5,7.75,8.10,,
1/20/13,pH 7.8,Ambient +2,5,7.74,8.10,,
1/21/13,pH 7.8,Ambient +2,5,7.75,8.30,,
1/22/13,pH 7.8,Ambient +2,5,7.76,8.20,,
1/23/13,pH 7.8,Ambient +2,5,7.75,8.80,,
1/24/13,pH 7.8,Ambient +2,5,7.75,8.67,,
1/25/13,pH 7.8,Ambient +2,5,7.76,8.70,,
1/26/13,pH 7.8,Ambient +2,5,7.76,8.40,,
1/27/13,pH 7.8,Ambient +2,5,7.77,8.03,,
1/28/13,pH 7.8,Ambient +2,5,7.74,8.00,,
1/29/13,pH 7.8,Ambient +2,5,7.75,8.00,,
1/30/13,pH 7.8,Ambient +2,5,7.76,8.30,,
1/31/13,pH 7.8,Ambient +2,5,7.75,8.60,,
2/1/13,pH 7.8,Ambient +2,5,7.75,8.80,,
2/2/13,pH 7.8,Ambient +2,5,7.75,8.60,,
2/3/13,pH 7.8,Ambient +2,5,7.74,8.80,,
2/4/13,pH 7.8,Ambient +2,5,7.75,9.00,,
8/5/12,pH 7.8,Ambient +4,6,7.76,14.87,,
8/6/12,pH 7.8,Ambient +4,6,7.77,14.30,,
8/7/12,pH 7.8,Ambient +4,6,7.76,14.33,,
8/8/12,pH 7.8,Ambient +4,6,7.72,14.50,,
8/9/12,pH 7.8,Ambient +4,6,7.77,14.50,,
8/10/12,pH 7.8,Ambient +4,6,7.78,14.60,,
8/11/12,pH 7.8,Ambient +4,6,7.77,14.73,,
8/12/12,pH 7.8,Ambient +4,6,7.76,14.90,,
8/13/12,pH 7.8,Ambient +4,6,7.76,14.80,,
8/14/12,pH 7.8,Ambient +4,6,7.76,14.77,,
8/15/12,pH 7.8,Ambient +4,6,7.76,15.30,,
8/16/12,pH 7.8,Ambient +4,6,7.78,15.10,,
8/17/12,pH 7.8,Ambient +4,6,7.78,15.30,,
8/18/12,pH 7.8,Ambient +4,6,7.79,14.60,,
8/19/12,pH 7.8,Ambient +4,6,7.78,14.63,,
8/20/12,pH 7.8,Ambient +4,6,7.76,14.70,,
8/21/12,pH 7.8,Ambient +4,6,7.76,14.60,,
8/22/12,pH 7.8,Ambient +4,6,7.75,14.50,,
8/23/12,pH 7.8,Ambient +4,6,7.76,14.30,,
8/24/12,pH 7.8,Ambient +4,6,7.75,14.60,,
8/25/12,pH 7.8,Ambient +4,6,7.76,14.40,,
8/26/12,pH 7.8,Ambient +4,6,7.74,14.47,,
8/27/12,pH 7.8,Ambient +4,6,7.73,15.13,,
8/28/12,pH 7.8,Ambient +4,6,7.74,15.20,,
8/29/12,pH 7.8,Ambient +4,6,7.75,14.90,,
8/30/12,pH 7.8,Ambient +4,6,7.75,15.23,,
8/31/12,pH 7.8,Ambient +4,6,7.73,15.30,,
9/1/12,pH 7.8,Ambient +4,6,7.75,15.17,,
9/2/12,pH 7.8,Ambient +4,6,7.74,15.20,,
9/3/12,pH 7.8,Ambient +4,6,7.75,14.60,,
9/4/12,pH 7.8,Ambient +4,6,7.74,14.70,,
9/5/12,pH 7.8,Ambient +4,6,7.73,14.83,,
9/6/12,pH 7.8,Ambient +4,6,7.74,14.60,,
9/7/12,pH 7.8,Ambient +4,6,7.73,14.63,,
9/8/12,pH 7.8,Ambient +4,6,7.73,14.80,,
9/9/12,pH 7.8,Ambient +4,6,7.73,14.33,,
9/10/12,pH 7.8,Ambient +4,6,7.73,14.60,,
9/11/12,pH 7.8,Ambient +4,6,7.74,14.50,,
9/12/12,pH 7.8,Ambient +4,6,7.77,14.70,,
9/13/12,pH 7.8,Ambient +4,6,7.74,14.60,,
9/14/12,pH 7.8,Ambient +4,6,7.77,14.63,,
9/15/12,pH 7.8,Ambient +4,6,7.75,14.77,,
9/16/12,pH 7.8,Ambient +4,6,7.75,14.77,,
9/17/12,pH 7.8,Ambient +4,6,7.75,14.60,,
9/18/12,pH 7.8,Ambient +4,6,7.75,14.50,,
9/19/12,pH 7.8,Ambient +4,6,7.76,14.37,,
9/20/12,pH 7.8,Ambient +4,6,7.74,14.33,,
9/21/12,pH 7.8,Ambient +4,6,7.74,14.20,,
9/22/12,pH 7.8,Ambient +4,6,7.74,14.33,,
9/23/12,pH 7.8,Ambient +4,6,7.75,14.30,,
9/24/12,pH 7.8,Ambient +4,6,7.77,14.10,,
9/25/12,pH 7.8,Ambient +4,6,7.75,14.30,,
9/26/12,pH 7.8,Ambient +4,6,7.75,14.40,,
9/27/12,pH 7.8,Ambient +4,6,7.75,14.00,,
9/28/12,pH 7.8,Ambient +4,6,7.73,14.03,,
9/29/12,pH 7.8,Ambient +4,6,7.75,13.50,,
9/30/12,pH 7.8,Ambient +4,6,7.73,13.47,,
10/1/12,pH 7.8,Ambient +4,6,7.75,13.80,,
10/2/12,pH 7.8,Ambient +4,6,7.77,13.67,,
10/3/12,pH 7.8,Ambient +4,6,7.74,13.87,,
10/4/12,pH 7.8,Ambient +4,6,7.76,13.80,,
10/5/12,pH 7.8,Ambient +4,6,7.75,13.80,,
10/6/12,pH 7.8,Ambient +4,6,7.73,13.70,,
10/7/12,pH 7.8,Ambient +4,6,7.74,13.67,,
10/8/12,pH 7.8,Ambient +4,6,7.73,13.70,,
10/9/12,pH 7.8,Ambient +4,6,7.77,13.60,,
10/10/12,pH 7.8,Ambient +4,6,7.75,13.90,,
10/11/12,pH 7.8,Ambient +4,6,7.76,14.00,,
10/12/12,pH 7.8,Ambient +4,6,7.74,13.97,,
10/13/12,pH 7.8,Ambient +4,6,7.76,14.00,,
10/14/12,pH 7.8,Ambient +4,6,7.73,13.90,,
10/15/12,pH 7.8,Ambient +4,6,7.75,13.70,,
10/16/12,pH 7.8,Ambient +4,6,7.76,13.30,,
10/17/12,pH 7.8,Ambient +4,6,7.74,13.20,,
10/18/12,pH 7.8,Ambient +4,6,7.75,13.10,,
10/19/12,pH 7.8,Ambient +4,6,7.75,12.50,,
10/20/12,pH 7.8,Ambient +4,6,7.73,12.90,,
10/22/12,pH 7.8,Ambient +4,6,7.75,12.40,,
10/23/12,pH 7.8,Ambient +4,6,7.75,12.13,,
10/24/12,pH 7.8,Ambient +4,6,7.76,12.30,,
10/25/12,pH 7.8,Ambient +4,6,7.75,12.20,,
10/26/12,pH 7.8,Ambient +4,6,7.76,12.43,,
10/27/12,pH 7.8,Ambient +4,6,7.78,12.40,,
10/28/12,pH 7.8,Ambient +4,6,7.74,12.47,,
10/29/12,pH 7.8,Ambient +4,6,7.74,12.30,,
10/30/12,pH 7.8,Ambient +4,6,7.74,12.10,,
10/31/12,pH 7.8,Ambient +4,6,7.74,11.97,,
11/1/12,pH 7.8,Ambient +4,6,7.75,11.60,,
11/2/12,pH 7.8,Ambient +4,6,7.76,11.40,,
11/3/12,pH 7.8,Ambient +4,6,7.75,12.00,,
11/4/12,pH 7.8,Ambient +4,6,7.75,11.93,,
11/5/12,pH 7.8,Ambient +4,6,7.74,11.90,,
11/6/12,pH 7.8,Ambient +4,6,7.73,11.80,,
11/7/12,pH 7.8,Ambient +4,6,7.73,11.80,,
11/8/12,pH 7.8,Ambient +4,6,7.71,11.70,,
11/9/12,pH 7.8,Ambient +4,6,7.74,11.80,,
11/10/12,pH 7.8,Ambient +4,6,7.75,11.50,,
11/11/12,pH 7.8,Ambient +4,6,7.73,11.40,,
11/12/12,pH 7.8,Ambient +4,6,7.75,11.67,,
11/13/12,pH 7.8,Ambient +4,6,7.74,11.50,,
11/14/12,pH 7.8,Ambient +4,6,7.75,11.90,,
11/15/12,pH 7.8,Ambient +4,6,7.75,12.00,,
11/16/12,pH 7.8,Ambient +4,6,7.77,12.20,,
11/17/12,pH 7.8,Ambient +4,6,7.75,11.60,,
11/18/12,pH 7.8,Ambient +4,6,7.73,11.70,,
11/19/12,pH 7.8,Ambient +4,6,7.73,11.40,,
11/20/12,pH 7.8,Ambient +4,6,7.74,11.50,,
11/21/12,pH 7.8,Ambient +4,6,7.74,11.00,,
11/22/12,pH 7.8,Ambient +4,6,7.73,11.20,,
11/23/12,pH 7.8,Ambient +4,6,7.72,11.30,,
11/24/12,pH 7.8,Ambient +4,6,7.72,11.43,,
11/25/12,pH 7.8,Ambient +4,6,7.72,11.33,,
11/26/12,pH 7.8,Ambient +4,6,7.74,11.10,,
11/27/12,pH 7.8,Ambient +4,6,7.76,11.30,,
11/28/12,pH 7.8,Ambient +4,6,7.74,11.50,,
11/29/12,pH 7.8,Ambient +4,6,7.73,11.00,,
11/30/12,pH 7.8,Ambient +4,6,7.72,10.80,,
12/1/12,pH 7.8,Ambient +4,6,7.73,10.90,,
12/2/12,pH 7.8,Ambient +4,6,7.71,10.90,,
12/3/12,pH 7.8,Ambient +4,6,7.72,10.60,,
12/4/12,pH 7.8,Ambient +4,6,7.72,10.40,,
12/5/12,pH 7.8,Ambient +4,6,7.73,10.00,,
12/6/12,pH 7.8,Ambient +4,6,7.73,9.93,,
12/7/12,pH 7.8,Ambient +4,6,7.71,10.23,,
12/8/12,pH 7.8,Ambient +4,6,7.73,10.17,,
12/9/12,pH 7.8,Ambient +4,6,7.74,10.50,,
12/10/12,pH 7.8,Ambient +4,6,7.72,10.60,,
12/11/12,pH 7.8,Ambient +4,6,7.72,10.60,,
12/12/12,pH 7.8,Ambient +4,6,7.74,10.40,,
12/13/12,pH 7.8,Ambient +4,6,7.73,10.60,,
12/14/12,pH 7.8,Ambient +4,6,7.73,10.40,,
12/15/12,pH 7.8,Ambient +4,6,7.73,10.60,,
12/16/12,pH 7.8,Ambient +4,6,7.72,10.60,,
12/17/12,pH 7.8,Ambient +4,6,7.73,9.80,,
12/18/12,pH 7.8,Ambient +4,6,7.73,9.43,,
12/19/12,pH 7.8,Ambient +4,6,7.73,9.50,,
12/20/12,pH 7.8,Ambient +4,6,7.75,9.40,,
12/21/12,pH 7.8,Ambient +4,6,7.76,9.00,,
12/22/12,pH 7.8,Ambient +4,6,7.75,9.30,,
12/23/12,pH 7.8,Ambient +4,6,7.75,9.20,,
12/24/12,pH 7.8,Ambient +4,6,7.74,9.60,,
12/25/12,pH 7.8,Ambient +4,6,7.74,9.60,,
12/26/12,pH 7.8,Ambient +4,6,7.75,9.70,,
12/27/12,pH 7.8,Ambient +4,6,7.76,9.80,,
12/28/12,pH 7.8,Ambient +4,6,7.74,9.90,,
12/29/12,pH 7.8,Ambient +4,6,7.73,10.00,,
12/30/12,pH 7.8,Ambient +4,6,7.74,10.53,,
12/31/12,pH 7.8,Ambient +4,6,7.76,10.37,,
1/1/13,pH 7.8,Ambient +4,6,7.76,10.20,,
1/2/13,pH 7.8,Ambient +4,6,7.74,10.60,,
1/3/13,pH 7.8,Ambient +4,6,7.74,10.30,,
1/4/13,pH 7.8,Ambient +4,6,7.75,10.50,,
1/5/13,pH 7.8,Ambient +4,6,7.74,10.50,,
1/6/13,pH 7.8,Ambient +4,6,7.74,10.60,,
1/7/13,pH 7.8,Ambient +4,6,7.74,10.40,,
1/8/13,pH 7.8,Ambient +4,6,7.76,10.43,,
1/9/13,pH 7.8,Ambient +4,6,7.73,10.30,,
1/10/13,pH 7.8,Ambient +4,6,7.75,10.17,,
1/11/13,pH 7.8,Ambient +4,6,7.75,10.40,,
1/12/13,pH 7.8,Ambient +4,6,7.74,10.60,,
1/13/13,pH 7.8,Ambient +4,6,7.74,10.40,,
1/14/13,pH 7.8,Ambient +4,6,7.74,10.50,,
1/15/13,pH 7.8,Ambient +4,6,7.77,10.50,,
1/16/13,pH 7.8,Ambient +4,6,7.73,10.50,,
1/17/13,pH 7.8,Ambient +4,6,7.73,10.50,,
1/18/13,pH 7.8,Ambient +4,6,7.73,10.50,,
1/19/13,pH 7.8,Ambient +4,6,7.73,10.10,,
1/20/13,pH 7.8,Ambient +4,6,7.73,10.10,,
1/21/13,pH 7.8,Ambient +4,6,7.74,10.40,,
1/22/13,pH 7.8,Ambient +4,6,7.75,10.20,,
1/23/13,pH 7.8,Ambient +4,6,7.75,10.60,,
1/24/13,pH 7.8,Ambient +4,6,7.75,10.60,,
1/25/13,pH 7.8,Ambient +4,6,7.74,10.70,,
1/26/13,pH 7.8,Ambient +4,6,7.74,10.60,,
1/27/13,pH 7.8,Ambient +4,6,7.76,9.97,,
1/28/13,pH 7.8,Ambient +4,6,7.73,9.90,,
1/29/13,pH 7.8,Ambient +4,6,7.73,10.00,,
1/30/13,pH 7.8,Ambient +4,6,7.75,10.30,,
1/31/13,pH 7.8,Ambient +4,6,7.74,10.60,,
2/1/13,pH 7.8,Ambient +4,6,7.75,10.80,,
2/2/13,pH 7.8,Ambient +4,6,7.73,10.80,,
2/3/13,pH 7.8,Ambient +4,6,7.73,10.80,,
2/4/13,pH 7.8,Ambient +4,6,7.74,10.90,,
